yyyyq,Index,D3,D12,E3,E12,bm,tbl,AAA,BAA,lty,cay,ntis,Rfree,infl,ltr,corpr,svar,csp,ik,CRSP_SPvw,CRSP_SPvwx
18711,4.61,NaN,0.26,NaN,0.4,NaN,NaN,NaN,NaN,NaN,NaN,NaN,0.013712198,NaN,NaN,NaN,NaN,NaN,NaN,NaN,NaN
18712,4.82,NaN,0.26,NaN,0.4,NaN,NaN,NaN,NaN,NaN,NaN,NaN,0.011691162,NaN,NaN,NaN,NaN,NaN,NaN,NaN,NaN
18713,4.84,NaN,0.26,NaN,0.4,NaN,NaN,NaN,NaN,NaN,NaN,NaN,0.011500041,NaN,NaN,NaN,NaN,NaN,NaN,NaN,NaN
18714,4.74,NaN,0.26,NaN,0.4,NaN,NaN,NaN,NaN,NaN,NaN,NaN,0.020433321,NaN,NaN,NaN,NaN,NaN,NaN,NaN,NaN
18721,5.04,NaN,0.27,NaN,0.408,NaN,NaN,NaN,NaN,NaN,NaN,NaN,0.016935178,NaN,NaN,NaN,NaN,NaN,NaN,NaN,NaN
18722,5.13,NaN,0.28,NaN,0.415,NaN,NaN,NaN,NaN,NaN,NaN,NaN,0.01501127,NaN,NaN,NaN,NaN,NaN,NaN,NaN,NaN
18723,4.95,NaN,0.29,NaN,0.423,NaN,NaN,NaN,NaN,NaN,NaN,NaN,0.016588667,NaN,NaN,NaN,NaN,NaN,NaN,NaN,NaN
18724,5.07,NaN,0.3,NaN,0.43,NaN,NaN,NaN,NaN,NaN,NaN,NaN,0.023363549,NaN,NaN,NaN,NaN,NaN,NaN,NaN,NaN
18731,5.11,NaN,0.308,NaN,0.438,NaN,NaN,NaN,NaN,NaN,NaN,NaN,0.020088805,NaN,NaN,NaN,NaN,NaN,NaN,NaN,NaN
18732,4.98,NaN,0.315,NaN,0.445,NaN,NaN,NaN,NaN,NaN,NaN,NaN,0.018304201,NaN,NaN,NaN,NaN,NaN,NaN,NaN,NaN
18733,4.59,NaN,0.323,NaN,0.453,NaN,NaN,NaN,NaN,NaN,NaN,NaN,0.019345624,NaN,NaN,NaN,NaN,NaN,NaN,NaN,NaN
18734,4.42,NaN,0.33,NaN,0.46,NaN,NaN,NaN,NaN,NaN,NaN,NaN,0.02888041,NaN,NaN,NaN,NaN,NaN,NaN,NaN,NaN
18741,4.73,NaN,0.33,NaN,0.46,NaN,NaN,NaN,NaN,NaN,NaN,NaN,0.013337336,NaN,NaN,NaN,NaN,NaN,NaN,NaN,NaN
18742,4.46,NaN,0.33,NaN,0.46,NaN,NaN,NaN,NaN,NaN,NaN,NaN,0.011787074,NaN,NaN,NaN,NaN,NaN,NaN,NaN,NaN
18743,4.54,NaN,0.33,NaN,0.46,NaN,NaN,NaN,NaN,NaN,NaN,NaN,0.011662092,NaN,NaN,NaN,NaN,NaN,NaN,NaN,NaN
18744,4.54,NaN,0.33,NaN,0.46,NaN,NaN,NaN,NaN,NaN,NaN,NaN,0.011757728,NaN,NaN,NaN,NaN,NaN,NaN,NaN,NaN
18751,4.59,NaN,0.323,NaN,0.435,NaN,NaN,NaN,NaN,NaN,NaN,NaN,0.010956359,NaN,NaN,NaN,NaN,NaN,NaN,NaN,NaN
18752,4.38,NaN,0.315,NaN,0.41,NaN,NaN,NaN,NaN,NaN,NaN,NaN,0.009639932,NaN,NaN,NaN,NaN,NaN,NaN,NaN,NaN
18753,4.37,NaN,0.308,NaN,0.385,NaN,NaN,NaN,NaN,NaN,NaN,NaN,0.010073682,NaN,NaN,NaN,NaN,NaN,NaN,NaN,NaN
18754,4.37,NaN,0.3,NaN,0.36,NaN,NaN,NaN,NaN,NaN,NaN,NaN,0.013139299,NaN,NaN,NaN,NaN,NaN,NaN,NaN,NaN
18761,4.51,NaN,0.3,NaN,0.34,NaN,NaN,NaN,NaN,NaN,NaN,NaN,0.011559069,NaN,NaN,NaN,NaN,NaN,NaN,NaN,NaN
18762,4.15,NaN,0.3,NaN,0.32,NaN,NaN,NaN,NaN,NaN,NaN,NaN,0.010191618,NaN,NaN,NaN,NaN,NaN,NaN,NaN,NaN
18763,3.69,NaN,0.3,NaN,0.3,NaN,NaN,NaN,NaN,NaN,NaN,NaN,0.007881359,NaN,NaN,NaN,NaN,NaN,NaN,NaN,NaN
18764,3.58,NaN,0.3,NaN,0.28,NaN,NaN,NaN,NaN,NaN,NaN,NaN,0.011434285,NaN,NaN,NaN,NaN,NaN,NaN,NaN,NaN
18771,3.17,NaN,0.273,NaN,0.285,NaN,NaN,NaN,NaN,NaN,NaN,NaN,0.009595729,NaN,NaN,NaN,NaN,NaN,NaN,NaN,NaN
18772,2.73,NaN,0.245,NaN,0.29,NaN,NaN,NaN,NaN,NaN,NaN,NaN,0.008087611,NaN,NaN,NaN,NaN,NaN,NaN,NaN,NaN
18773,3.24,NaN,0.218,NaN,0.295,NaN,NaN,NaN,NaN,NaN,NaN,NaN,0.010823392,NaN,NaN,NaN,NaN,NaN,NaN,NaN,NaN
18774,3.25,NaN,0.19,NaN,0.3,NaN,NaN,NaN,NaN,NaN,NaN,NaN,0.012955261,NaN,NaN,NaN,NaN,NaN,NaN,NaN,NaN
18781,3.24,NaN,0.188,NaN,0.303,NaN,NaN,NaN,NaN,NaN,NaN,NaN,0.01091225,NaN,NaN,NaN,NaN,NaN,NaN,NaN,NaN
18782,3.41,NaN,0.185,NaN,0.305,NaN,NaN,NaN,NaN,NaN,NaN,NaN,0.009014454,NaN,NaN,NaN,NaN,NaN,NaN,NaN,NaN
18783,3.52,NaN,0.183,NaN,0.308,NaN,NaN,NaN,NaN,NaN,NaN,NaN,0.007785725,NaN,NaN,NaN,NaN,NaN,NaN,NaN,NaN
18784,3.45,NaN,0.18,NaN,0.31,NaN,NaN,NaN,NaN,NaN,NaN,NaN,0.010434353,NaN,NaN,NaN,NaN,NaN,NaN,NaN,NaN
18791,3.65,NaN,0.185,NaN,0.328,NaN,NaN,NaN,NaN,NaN,NaN,NaN,0.008646686,NaN,NaN,NaN,NaN,NaN,NaN,NaN,NaN
18792,3.96,NaN,0.19,NaN,0.345,NaN,NaN,NaN,NaN,NaN,NaN,NaN,0.009338252,NaN,NaN,NaN,NaN,NaN,NaN,NaN,NaN
18793,4.22,NaN,0.195,NaN,0.363,NaN,NaN,NaN,NaN,NaN,NaN,NaN,0.010146998,NaN,NaN,NaN,NaN,NaN,NaN,NaN,NaN
18794,4.92,NaN,0.2,NaN,0.38,NaN,NaN,NaN,NaN,NaN,NaN,NaN,0.012279567,NaN,NaN,NaN,NaN,NaN,NaN,NaN,NaN
18801,5.3,NaN,0.215,NaN,0.408,NaN,NaN,NaN,NaN,NaN,NaN,NaN,0.01084615,NaN,NaN,NaN,NaN,NaN,NaN,NaN,NaN
18802,4.79,NaN,0.23,NaN,0.435,NaN,NaN,NaN,NaN,NaN,NaN,NaN,0.010147442,NaN,NaN,NaN,NaN,NaN,NaN,NaN,NaN
18803,5.18,NaN,0.245,NaN,0.463,NaN,NaN,NaN,NaN,NaN,NaN,NaN,0.009765022,NaN,NaN,NaN,NaN,NaN,NaN,NaN,NaN
18804,5.84,NaN,0.26,NaN,0.49,NaN,NaN,NaN,NaN,NaN,NaN,NaN,0.011118084,NaN,NaN,NaN,NaN,NaN,NaN,NaN,NaN
18811,6.24,NaN,0.275,NaN,0.478,NaN,NaN,NaN,NaN,NaN,NaN,NaN,0.01083879,NaN,NaN,NaN,NaN,NaN,NaN,NaN,NaN
18812,6.58,NaN,0.29,NaN,0.465,NaN,NaN,NaN,NaN,NaN,NaN,NaN,0.008315367,NaN,NaN,NaN,NaN,NaN,NaN,NaN,NaN
18813,6.25,NaN,0.305,NaN,0.453,NaN,NaN,NaN,NaN,NaN,NaN,NaN,0.009705885,NaN,NaN,NaN,NaN,NaN,NaN,NaN,NaN
18814,6.01,NaN,0.32,NaN,0.44,NaN,NaN,NaN,NaN,NaN,NaN,NaN,0.012764588,NaN,NaN,NaN,NaN,NaN,NaN,NaN,NaN
18821,5.78,NaN,0.32,NaN,0.438,NaN,NaN,NaN,NaN,NaN,NaN,NaN,0.011154946,NaN,NaN,NaN,NaN,NaN,NaN,NaN,NaN
18822,5.68,NaN,0.32,NaN,0.435,NaN,NaN,NaN,NaN,NaN,NaN,NaN,0.009993112,NaN,NaN,NaN,NaN,NaN,NaN,NaN,NaN
18823,6.24,NaN,0.32,NaN,0.433,NaN,NaN,NaN,NaN,NaN,NaN,NaN,0.011455751,NaN,NaN,NaN,NaN,NaN,NaN,NaN,NaN
18824,5.84,NaN,0.32,NaN,0.43,NaN,NaN,NaN,NaN,NaN,NaN,NaN,0.012948189,NaN,NaN,NaN,NaN,NaN,NaN,NaN,NaN
18831,5.75,NaN,0.323,NaN,0.423,NaN,NaN,NaN,NaN,NaN,NaN,NaN,0.011632626,NaN,NaN,NaN,NaN,NaN,NaN,NaN,NaN
18832,5.82,NaN,0.325,NaN,0.415,NaN,NaN,NaN,NaN,NaN,NaN,NaN,0.011191681,NaN,NaN,NaN,NaN,NaN,NaN,NaN,NaN
18833,5.53,NaN,0.328,NaN,0.408,NaN,NaN,NaN,NaN,NaN,NaN,NaN,0.010992994,NaN,NaN,NaN,NaN,NaN,NaN,NaN,NaN
18834,5.34,NaN,0.33,NaN,0.4,NaN,NaN,NaN,NaN,NaN,NaN,NaN,0.011581297,NaN,NaN,NaN,NaN,NaN,NaN,NaN,NaN
18841,5.3,NaN,0.325,NaN,0.378,NaN,NaN,NaN,NaN,NaN,NaN,NaN,0.009426743,NaN,NaN,NaN,NaN,NaN,NaN,NaN,NaN
18842,4.46,NaN,0.32,NaN,0.355,NaN,NaN,NaN,NaN,NaN,NaN,NaN,0.01036069,NaN,NaN,NaN,NaN,NaN,NaN,NaN,NaN
18843,4.59,NaN,0.315,NaN,0.333,NaN,NaN,NaN,NaN,NaN,NaN,NaN,0.011404869,NaN,NaN,NaN,NaN,NaN,NaN,NaN,NaN
18844,4.34,NaN,0.31,NaN,0.31,NaN,NaN,NaN,NaN,NaN,NaN,NaN,0.010478464,NaN,NaN,NaN,NaN,NaN,NaN,NaN,NaN
18851,4.38,NaN,0.293,NaN,0.3,NaN,NaN,NaN,NaN,NaN,NaN,NaN,0.008985343,NaN,NaN,NaN,0.003083579,NaN,NaN,NaN,NaN
18852,4.3,NaN,0.275,NaN,0.29,NaN,NaN,NaN,NaN,NaN,NaN,NaN,0.0071749,NaN,NaN,NaN,0.004700622,NaN,NaN,NaN,NaN
18853,4.65,NaN,0.258,NaN,0.28,NaN,NaN,NaN,NaN,NaN,NaN,NaN,0.006976144,NaN,NaN,NaN,0.007118587,NaN,NaN,NaN,NaN
18854,5.2,NaN,0.24,NaN,0.27,NaN,NaN,NaN,NaN,NaN,NaN,NaN,0.008455543,NaN,NaN,NaN,0.008836114,NaN,NaN,NaN,NaN
18861,5.19,NaN,0.235,NaN,0.285,NaN,NaN,NaN,NaN,NaN,NaN,NaN,0.00782265,NaN,NaN,NaN,0.005108911,NaN,NaN,NaN,NaN
18862,5.25,NaN,0.23,NaN,0.3,NaN,NaN,NaN,NaN,NaN,NaN,NaN,0.007881541,NaN,NaN,NaN,0.004414535,NaN,NaN,NaN,NaN
18863,5.51,NaN,0.225,NaN,0.315,NaN,NaN,NaN,NaN,NaN,NaN,NaN,0.009926439,NaN,NaN,NaN,0.002836865,NaN,NaN,NaN,NaN
18864,5.64,NaN,0.22,NaN,0.33,NaN,NaN,NaN,NaN,NaN,NaN,NaN,0.012139943,NaN,NaN,NaN,0.004098291,NaN,NaN,NaN,NaN
18871,5.67,NaN,0.228,NaN,0.338,NaN,NaN,NaN,NaN,NaN,NaN,NaN,0.010456366,NaN,NaN,NaN,0.004490108,NaN,NaN,NaN,NaN
18872,5.73,NaN,0.235,NaN,0.345,NaN,NaN,NaN,NaN,NaN,NaN,NaN,0.01050055,NaN,NaN,NaN,0.002196856,NaN,NaN,NaN,NaN
18873,5.38,NaN,0.243,NaN,0.353,NaN,NaN,NaN,NaN,NaN,NaN,NaN,0.013264125,NaN,NaN,NaN,0.006035453,NaN,NaN,NaN,NaN
18874,5.27,NaN,0.25,NaN,0.36,NaN,NaN,NaN,NaN,NaN,NaN,NaN,0.01227218,NaN,NaN,NaN,0.005576043,NaN,NaN,NaN,NaN
18881,5.08,NaN,0.245,NaN,0.335,NaN,NaN,NaN,NaN,NaN,NaN,NaN,0.010463715,NaN,NaN,NaN,0.002355337,NaN,NaN,NaN,NaN
18882,5.01,NaN,0.24,NaN,0.31,NaN,NaN,NaN,NaN,NaN,NaN,NaN,0.009581049,NaN,NaN,NaN,0.003310177,NaN,NaN,NaN,NaN
18883,5.38,NaN,0.235,NaN,0.285,NaN,NaN,NaN,NaN,NaN,NaN,NaN,0.009029281,NaN,NaN,NaN,0.00408713,NaN,NaN,NaN,NaN
18884,5.14,NaN,0.23,NaN,0.26,NaN,NaN,NaN,NaN,NaN,NaN,NaN,0.009816589,NaN,NaN,NaN,0.003097958,NaN,NaN,NaN,NaN
18891,5.19,NaN,0.228,NaN,0.27,NaN,NaN,NaN,NaN,NaN,NaN,NaN,0.008794035,NaN,NaN,NaN,0.00169904,NaN,NaN,NaN,NaN
18892,5.41,NaN,0.225,NaN,0.28,NaN,NaN,NaN,NaN,NaN,NaN,NaN,0.007778489,NaN,NaN,NaN,0.001029763,NaN,NaN,NaN,NaN
18893,5.5,NaN,0.223,NaN,0.29,NaN,NaN,NaN,NaN,NaN,NaN,NaN,0.009853256,NaN,NaN,NaN,0.001768867,NaN,NaN,NaN,NaN
18894,5.32,NaN,0.22,NaN,0.3,NaN,NaN,NaN,NaN,NaN,NaN,NaN,0.012242836,NaN,NaN,NaN,0.002376367,NaN,NaN,NaN,NaN
18901,5.28,NaN,0.22,NaN,0.298,NaN,NaN,NaN,NaN,NaN,NaN,NaN,0.010618182,NaN,NaN,NaN,0.000822796,NaN,NaN,NaN,NaN
18902,5.58,NaN,0.22,NaN,0.295,NaN,NaN,NaN,NaN,NaN,NaN,NaN,0.010096086,NaN,NaN,NaN,0.00203603,NaN,NaN,NaN,NaN
18903,5.32,NaN,0.22,NaN,0.293,NaN,NaN,NaN,NaN,NaN,NaN,NaN,0.010993132,NaN,NaN,NaN,0.003416886,NaN,NaN,NaN,NaN
18904,4.6,NaN,0.22,NaN,0.29,NaN,NaN,NaN,NaN,NaN,NaN,NaN,0.013631245,NaN,NaN,NaN,0.016345347,NaN,NaN,NaN,NaN
18911,4.81,NaN,0.22,NaN,0.303,NaN,NaN,NaN,NaN,NaN,NaN,NaN,0.010765176,NaN,NaN,NaN,0.003507799,NaN,NaN,NaN,NaN
18912,4.85,NaN,0.22,NaN,0.315,NaN,NaN,NaN,NaN,NaN,NaN,NaN,0.010677013,NaN,NaN,NaN,0.004323382,NaN,NaN,NaN,NaN
18913,5.33,NaN,0.22,NaN,0.328,NaN,NaN,NaN,NaN,NaN,NaN,NaN,0.011537221,NaN,NaN,NaN,0.004666435,NaN,NaN,NaN,NaN
18914,5.41,NaN,0.22,NaN,0.34,NaN,NaN,NaN,NaN,NaN,NaN,NaN,0.010316635,NaN,NaN,NaN,0.003625916,NaN,NaN,NaN,NaN
18921,5.58,NaN,0.225,NaN,0.348,NaN,NaN,NaN,NaN,NaN,NaN,NaN,0.007638644,NaN,NaN,NaN,0.003891017,NaN,NaN,NaN,NaN
18922,5.54,NaN,0.23,NaN,0.355,NaN,NaN,NaN,NaN,NaN,NaN,NaN,0.005982059,NaN,NaN,NaN,0.002117204,NaN,NaN,NaN,NaN
18923,5.48,NaN,0.235,NaN,0.363,NaN,NaN,NaN,NaN,NaN,NaN,NaN,0.007866631,NaN,NaN,NaN,0.002783218,NaN,NaN,NaN,NaN
18924,5.51,NaN,0.24,NaN,0.37,NaN,NaN,NaN,NaN,NaN,NaN,NaN,0.010559364,NaN,NaN,NaN,0.00209472,NaN,NaN,NaN,NaN
18931,5.31,NaN,0.243,NaN,0.343,NaN,NaN,NaN,NaN,NaN,NaN,NaN,0.011345531,NaN,NaN,NaN,0.003858669,NaN,NaN,NaN,NaN
18932,4.61,NaN,0.245,NaN,0.315,NaN,NaN,NaN,NaN,NaN,NaN,NaN,0.014313582,NaN,NaN,NaN,0.010667324,NaN,NaN,NaN,NaN
18933,4.37,NaN,0.248,NaN,0.288,NaN,NaN,NaN,NaN,NaN,NaN,NaN,0.020806084,NaN,NaN,NaN,0.031569313,NaN,NaN,NaN,NaN
18934,4.41,NaN,0.25,NaN,0.26,NaN,NaN,NaN,NaN,NaN,NaN,NaN,0.009197989,NaN,NaN,NaN,0.008489084,NaN,NaN,NaN,NaN
18941,4.51,NaN,0.24,NaN,0.235,NaN,NaN,NaN,NaN,NaN,NaN,NaN,0.006151449,NaN,NaN,NaN,0.004715172,NaN,NaN,NaN,NaN
18942,4.34,NaN,0.23,NaN,0.21,NaN,NaN,NaN,NaN,NaN,NaN,NaN,0.005510718,NaN,NaN,NaN,0.003389046,NaN,NaN,NaN,NaN
18943,4.48,NaN,0.22,NaN,0.185,NaN,NaN,NaN,NaN,NaN,NaN,NaN,0.005812694,NaN,NaN,NaN,0.004169362,NaN,NaN,NaN,NaN
18944,4.3,NaN,0.21,NaN,0.16,NaN,NaN,NaN,NaN,NaN,NaN,NaN,0.005135045,NaN,NaN,NaN,0.004465158,NaN,NaN,NaN,NaN
18951,4.19,NaN,0.205,NaN,0.183,NaN,NaN,NaN,NaN,NaN,NaN,NaN,0.006755189,NaN,NaN,NaN,0.003497177,NaN,NaN,NaN,NaN
18952,4.7,NaN,0.2,NaN,0.205,NaN,NaN,NaN,NaN,NaN,NaN,NaN,0.005819773,NaN,NaN,NaN,0.004809581,NaN,NaN,NaN,NaN
18953,4.82,NaN,0.195,NaN,0.228,NaN,NaN,NaN,NaN,NaN,NaN,NaN,0.006615224,NaN,NaN,NaN,0.003438135,NaN,NaN,NaN,NaN
18954,4.32,NaN,0.19,NaN,0.25,NaN,NaN,NaN,NaN,NaN,NaN,NaN,0.008985278,NaN,NaN,NaN,0.016944813,NaN,NaN,NaN,NaN
18961,4.38,NaN,0.188,NaN,0.24,NaN,NaN,NaN,NaN,NaN,NaN,NaN,0.011463626,NaN,NaN,NaN,0.006730929,NaN,NaN,NaN,NaN
18962,4.32,NaN,0.185,NaN,0.23,NaN,NaN,NaN,NaN,NaN,NaN,NaN,0.009272119,NaN,NaN,NaN,0.006051778,NaN,NaN,NaN,NaN
18963,4.01,NaN,0.183,NaN,0.22,NaN,NaN,NaN,NaN,NaN,NaN,NaN,0.014496553,NaN,NaN,NaN,0.019960208,NaN,NaN,NaN,NaN
18964,4.22,NaN,0.18,NaN,0.21,NaN,NaN,NaN,NaN,NaN,NaN,NaN,0.011754763,NaN,NaN,NaN,0.013690319,NaN,NaN,NaN,NaN
18971,4.19,NaN,0.18,NaN,0.235,NaN,NaN,NaN,NaN,NaN,NaN,NaN,0.006026265,NaN,NaN,NaN,0.004372188,NaN,NaN,NaN,NaN
18972,4.27,NaN,0.18,NaN,0.26,NaN,NaN,NaN,NaN,NaN,NaN,NaN,0.006423909,NaN,NaN,NaN,0.004342848,NaN,NaN,NaN,NaN
18973,4.98,NaN,0.18,NaN,0.285,NaN,NaN,NaN,NaN,NaN,NaN,NaN,0.007189582,NaN,NaN,NaN,0.006196213,NaN,NaN,NaN,NaN
18974,4.75,NaN,0.18,NaN,0.31,NaN,NaN,NaN,NaN,NaN,NaN,NaN,0.007020213,NaN,NaN,NaN,0.007840268,NaN,NaN,NaN,NaN
18981,4.65,NaN,0.185,NaN,0.32,NaN,NaN,NaN,NaN,NaN,NaN,NaN,0.007042022,NaN,NaN,NaN,0.015845992,NaN,NaN,NaN,NaN
18982,5.06,NaN,0.19,NaN,0.33,NaN,NaN,NaN,NaN,NaN,NaN,NaN,0.00896978,NaN,NaN,NaN,0.010269571,NaN,NaN,NaN,NaN
18983,5.26,NaN,0.195,NaN,0.34,NaN,NaN,NaN,NaN,NaN,NaN,NaN,0.007329478,NaN,NaN,NaN,0.003646442,NaN,NaN,NaN,NaN
18984,5.65,NaN,0.2,NaN,0.35,NaN,NaN,NaN,NaN,NaN,NaN,NaN,0.006099907,NaN,NaN,NaN,0.002662402,NaN,NaN,NaN,NaN
18991,6.4,NaN,0.203,NaN,0.383,NaN,NaN,NaN,NaN,NaN,NaN,NaN,0.006151332,NaN,NaN,NaN,0.003897196,NaN,NaN,NaN,NaN
18992,6.07,NaN,0.205,NaN,0.415,NaN,NaN,NaN,NaN,NaN,NaN,NaN,0.00673317,NaN,NaN,NaN,0.007834833,NaN,NaN,NaN,NaN
18993,6.37,NaN,0.208,NaN,0.448,NaN,NaN,NaN,NaN,NaN,NaN,NaN,0.00846272,NaN,NaN,NaN,0.003273759,NaN,NaN,NaN,NaN
18994,6.02,NaN,0.21,NaN,0.48,NaN,NaN,NaN,NaN,NaN,NaN,NaN,0.01106666,NaN,NaN,NaN,0.012090754,NaN,NaN,NaN,NaN
19001,6.26,NaN,0.233,NaN,0.48,NaN,NaN,NaN,NaN,NaN,NaN,NaN,0.009389925,NaN,NaN,NaN,0.004492206,NaN,NaN,NaN,NaN
19002,5.86,NaN,0.255,NaN,0.48,NaN,NaN,NaN,NaN,NaN,NaN,NaN,0.007491404,NaN,NaN,NaN,0.004688248,NaN,NaN,NaN,NaN
19003,5.8,NaN,0.278,NaN,0.48,NaN,NaN,NaN,NaN,NaN,NaN,NaN,0.008175933,NaN,NaN,NaN,0.003037831,NaN,NaN,NaN,NaN
19004,6.87,NaN,0.3,NaN,0.48,NaN,NaN,NaN,NaN,NaN,NaN,NaN,0.009382558,NaN,NaN,NaN,0.004941829,NaN,NaN,NaN,NaN
19011,7.51,NaN,0.305,NaN,0.485,NaN,NaN,NaN,NaN,NaN,NaN,NaN,0.007373666,NaN,NaN,NaN,0.003920421,NaN,NaN,NaN,NaN
19012,8.5,NaN,0.31,NaN,0.49,NaN,NaN,NaN,NaN,NaN,NaN,NaN,0.007675477,NaN,NaN,NaN,0.018050104,NaN,NaN,NaN,NaN
19013,8,NaN,0.315,NaN,0.495,NaN,NaN,NaN,NaN,NaN,NaN,NaN,0.00904415,NaN,NaN,NaN,0.012270403,NaN,NaN,NaN,NaN
19014,7.95,NaN,0.32,NaN,0.5,NaN,NaN,NaN,NaN,NaN,NaN,NaN,0.009463521,NaN,NaN,NaN,0.003052058,NaN,NaN,NaN,NaN
19021,8.2,NaN,0.323,NaN,0.533,NaN,NaN,NaN,NaN,NaN,NaN,NaN,0.008381962,NaN,NaN,NaN,0.001702439,NaN,NaN,NaN,NaN
19022,8.41,NaN,0.325,NaN,0.565,NaN,NaN,NaN,NaN,NaN,NaN,NaN,0.008830844,NaN,NaN,NaN,0.002119074,NaN,NaN,NaN,NaN
19023,8.85,NaN,0.328,NaN,0.598,NaN,NaN,NaN,NaN,NaN,NaN,NaN,0.010022396,NaN,NaN,NaN,0.004084575,NaN,NaN,NaN,NaN
19024,8.05,NaN,0.33,NaN,0.63,NaN,NaN,NaN,NaN,NaN,NaN,NaN,0.011948844,NaN,NaN,NaN,0.005486939,NaN,NaN,NaN,NaN
19031,8.08,NaN,0.335,NaN,0.605,NaN,NaN,NaN,NaN,NaN,NaN,NaN,0.010390172,NaN,NaN,NaN,0.002856109,NaN,NaN,NaN,NaN
19032,7.18,NaN,0.34,NaN,0.58,NaN,NaN,NaN,NaN,NaN,NaN,NaN,0.010007801,NaN,NaN,NaN,0.005574498,NaN,NaN,NaN,NaN
19033,6.47,NaN,0.345,NaN,0.555,NaN,NaN,NaN,NaN,NaN,NaN,NaN,0.011720944,NaN,NaN,NaN,0.010152713,NaN,NaN,NaN,NaN
19034,6.57,NaN,0.35,NaN,0.53,NaN,NaN,NaN,NaN,NaN,NaN,NaN,0.0119268,NaN,NaN,NaN,0.006162261,NaN,NaN,NaN,NaN
19041,6.48,NaN,0.34,NaN,0.52,NaN,NaN,NaN,NaN,NaN,NaN,NaN,0.009485596,NaN,NaN,NaN,0.003951832,NaN,NaN,NaN,NaN
19042,6.51,NaN,0.33,NaN,0.51,NaN,NaN,NaN,NaN,NaN,NaN,NaN,0.007461988,NaN,NaN,NaN,0.001018239,NaN,NaN,NaN,NaN
19043,7.32,NaN,0.32,NaN,0.5,NaN,NaN,NaN,NaN,NaN,NaN,NaN,0.007557625,NaN,NaN,NaN,0.002275031,NaN,NaN,NaN,NaN
19044,8.25,NaN,0.31,NaN,0.49,NaN,NaN,NaN,NaN,NaN,NaN,NaN,0.008359911,NaN,NaN,NaN,0.005423739,NaN,NaN,NaN,NaN
19051,9.05,NaN,0.315,NaN,0.535,NaN,NaN,NaN,NaN,NaN,NaN,NaN,0.007565065,NaN,NaN,NaN,0.002435524,NaN,NaN,NaN,NaN
19052,8.6,NaN,0.32,NaN,0.58,NaN,NaN,NaN,NaN,NaN,NaN,NaN,0.007542977,NaN,NaN,NaN,0.007027879,NaN,NaN,NaN,NaN
19053,9.23,NaN,0.325,NaN,0.625,NaN,NaN,NaN,NaN,NaN,NaN,NaN,0.00852911,NaN,NaN,NaN,0.003368937,NaN,NaN,NaN,NaN
19054,9.54,NaN,0.33,NaN,0.67,NaN,NaN,NaN,NaN,NaN,NaN,NaN,0.010956335,NaN,NaN,NaN,0.002804665,NaN,NaN,NaN,NaN
19061,9.56,NaN,0.348,NaN,0.693,NaN,NaN,NaN,NaN,NaN,NaN,NaN,0.01023581,NaN,NaN,NaN,0.003832691,NaN,NaN,NaN,NaN
19062,9.3,NaN,0.365,NaN,0.715,NaN,NaN,NaN,NaN,NaN,NaN,NaN,0.010713798,NaN,NaN,NaN,0.006165691,NaN,NaN,NaN,NaN
19063,10.03,NaN,0.383,NaN,0.738,NaN,NaN,NaN,NaN,NaN,NaN,NaN,0.012161831,NaN,NaN,NaN,0.003597909,NaN,NaN,NaN,NaN
19064,9.84,NaN,0.4,NaN,0.76,NaN,NaN,NaN,NaN,NaN,NaN,NaN,0.012764588,NaN,NaN,NaN,0.003495633,NaN,NaN,NaN,NaN
19071,8.35,NaN,0.41,NaN,0.735,NaN,NaN,NaN,NaN,NaN,NaN,NaN,0.012375112,NaN,NaN,NaN,0.021202283,NaN,NaN,NaN,NaN
19072,7.84,NaN,0.42,NaN,0.71,NaN,NaN,NaN,NaN,NaN,NaN,NaN,0.011331349,NaN,NaN,NaN,0.005670234,NaN,NaN,NaN,NaN
19073,7.45,NaN,0.43,NaN,0.685,NaN,NaN,NaN,NaN,NaN,NaN,NaN,0.012771785,NaN,NaN,NaN,0.007407294,NaN,NaN,NaN,NaN
19074,6.57,NaN,0.44,NaN,0.66,NaN,NaN,NaN,NaN,NaN,NaN,NaN,0.015247096,NaN,NaN,NaN,0.013699247,NaN,NaN,NaN,NaN
19081,6.87,NaN,0.43,NaN,0.64,NaN,NaN,NaN,NaN,NaN,NaN,NaN,0.011595764,NaN,NaN,NaN,0.006504024,NaN,NaN,NaN,NaN
19082,7.64,NaN,0.42,NaN,0.62,NaN,NaN,NaN,NaN,NaN,NaN,NaN,0.007793149,NaN,NaN,NaN,0.00489115,NaN,NaN,NaN,NaN
19083,8.17,NaN,0.41,NaN,0.6,NaN,NaN,NaN,NaN,NaN,NaN,NaN,0.007233803,NaN,NaN,NaN,0.005053919,NaN,NaN,NaN,NaN
19084,9.03,NaN,0.4,NaN,0.58,NaN,NaN,NaN,NaN,NaN,NaN,NaN,0.007719632,NaN,NaN,NaN,0.003603016,NaN,NaN,NaN,NaN
19091,8.92,NaN,0.41,NaN,0.625,NaN,NaN,NaN,NaN,NaN,NaN,NaN,0.006843623,NaN,NaN,NaN,0.00340206,NaN,NaN,NaN,NaN
19092,9.8,NaN,0.42,NaN,0.67,NaN,NaN,NaN,NaN,NaN,NaN,NaN,0.006431294,NaN,NaN,NaN,0.001847548,NaN,NaN,NaN,NaN
19093,10.19,NaN,0.43,NaN,0.715,NaN,NaN,NaN,NaN,NaN,NaN,NaN,0.007469279,NaN,NaN,NaN,0.002927541,NaN,NaN,NaN,NaN
19094,10.3,NaN,0.44,NaN,0.76,NaN,NaN,NaN,NaN,NaN,NaN,NaN,0.010110796,NaN,NaN,NaN,0.001857707,NaN,NaN,NaN,NaN
19101,9.96,NaN,0.448,NaN,0.753,NaN,NaN,NaN,NaN,NaN,NaN,NaN,0.009007408,NaN,NaN,NaN,0.00490875,NaN,NaN,NaN,NaN
19102,9.1,NaN,0.455,NaN,0.745,NaN,NaN,NaN,NaN,NaN,NaN,NaN,0.009544444,NaN,NaN,NaN,0.005853525,NaN,NaN,NaN,NaN
19103,8.91,NaN,0.463,NaN,0.738,NaN,NaN,NaN,NaN,NaN,NaN,NaN,0.010956439,NaN,NaN,NaN,0.005560272,NaN,NaN,NaN,NaN
19104,9.05,NaN,0.47,NaN,0.73,NaN,NaN,NaN,NaN,NaN,NaN,NaN,0.010500422,NaN,NaN,NaN,0.002585228,NaN,NaN,NaN,NaN
19111,9.32,NaN,0.47,NaN,0.695,NaN,NaN,NaN,NaN,NaN,NaN,NaN,0.007726996,NaN,NaN,NaN,0.001828259,NaN,NaN,NaN,NaN
19112,9.67,NaN,0.47,NaN,0.66,NaN,NaN,NaN,NaN,NaN,NaN,NaN,0.006990877,NaN,NaN,NaN,0.001206497,NaN,NaN,NaN,NaN
19113,8.67,NaN,0.47,NaN,0.625,NaN,NaN,NaN,NaN,NaN,NaN,NaN,0.008131714,NaN,NaN,NaN,0.002744684,NaN,NaN,NaN,NaN
19114,9.11,NaN,0.47,NaN,0.59,NaN,NaN,NaN,NaN,NaN,NaN,NaN,0.008440802,NaN,NaN,NaN,0.002004133,NaN,NaN,NaN,NaN
19121,9.3,NaN,0.473,NaN,0.618,NaN,NaN,NaN,NaN,NaN,NaN,NaN,0.007646008,NaN,NaN,NaN,0.001057249,NaN,NaN,NaN,NaN
19122,9.58,NaN,0.475,NaN,0.645,NaN,NaN,NaN,NaN,NaN,NaN,NaN,0.008006674,NaN,NaN,NaN,0.001722304,NaN,NaN,NaN,NaN
19123,9.86,NaN,0.478,NaN,0.673,NaN,NaN,NaN,NaN,NaN,NaN,NaN,0.01002975,NaN,NaN,NaN,0.00131202,NaN,NaN,NaN,NaN
19124,9.38,NaN,0.48,NaN,0.7,NaN,NaN,NaN,NaN,NaN,NaN,NaN,0.011919441,NaN,NaN,NaN,0.002362723,NaN,NaN,NaN,NaN
19131,8.8,NaN,0.48,NaN,0.683,NaN,NaN,NaN,NaN,NaN,NaN,NaN,0.010316567,NaN,NaN,NaN,0.002710673,NaN,NaN,NaN,NaN
19132,8.12,NaN,0.48,NaN,0.665,NaN,NaN,NaN,NaN,NaN,NaN,NaN,0.011257836,-3.50253E-05,NaN,NaN,0.003926465,NaN,NaN,NaN,NaN
19133,8.53,NaN,0.48,NaN,0.648,NaN,NaN,NaN,NaN,NaN,NaN,NaN,0.012066442,0.020396414,NaN,NaN,0.001788462,NaN,NaN,NaN,NaN
19134,8.04,NaN,0.48,NaN,0.63,NaN,NaN,NaN,NaN,NaN,NaN,NaN,0.011375498,0.006655626,NaN,NaN,0.002249744,NaN,NaN,NaN,NaN
19141,8.32,NaN,0.465,NaN,0.603,NaN,NaN,NaN,NaN,NaN,NaN,NaN,0.007925637,-0.013344431,NaN,NaN,0.001804544,NaN,NaN,NaN,NaN
19142,8.13,NaN,0.45,NaN,0.575,NaN,NaN,NaN,NaN,NaN,NaN,NaN,0.007381042,0.003269295,NaN,NaN,0.002032892,NaN,NaN,NaN,NaN
19143,7.68,NaN,0.435,NaN,0.548,NaN,NaN,NaN,NaN,NaN,NaN,NaN,0.011793703,0.02670027,NaN,NaN,0.005177115,NaN,NaN,NaN,NaN
19144,7.35,NaN,0.42,NaN,0.52,NaN,NaN,NaN,NaN,NaN,NaN,NaN,0.010919088,-0.006568115,NaN,NaN,0.002586008,NaN,NaN,NaN,NaN
19151,7.57,NaN,0.423,NaN,0.61,NaN,NaN,NaN,NaN,NaN,NaN,NaN,0.00701293,-0.019813258,NaN,NaN,0.003063898,NaN,NaN,NaN,NaN
19152,8.04,NaN,0.425,NaN,0.7,NaN,NaN,NaN,NaN,NaN,NaN,NaN,0.007049773,0.016716812,NaN,NaN,0.008303858,NaN,NaN,NaN,NaN
19153,8.66,NaN,0.428,NaN,0.79,NaN,NaN,NaN,NaN,NaN,NaN,NaN,0.006335563,0.0032949,NaN,NaN,0.004002697,NaN,NaN,NaN,NaN
19154,9.48,NaN,0.43,NaN,0.88,NaN,NaN,NaN,NaN,NaN,NaN,NaN,0.005775873,0.019661181,NaN,NaN,0.00373449,NaN,NaN,NaN,NaN
19161,9.17,NaN,0.463,NaN,1.042,NaN,NaN,NaN,NaN,NaN,NaN,NaN,0.00582007,0.019261769,NaN,NaN,0.003306403,NaN,NaN,NaN,NaN
19162,9.36,NaN,0.495,NaN,1.205,NaN,NaN,NaN,NaN,NaN,NaN,NaN,0.006188253,0.025187502,NaN,NaN,0.003997356,NaN,NaN,NaN,NaN
19163,9.68,NaN,0.528,NaN,1.368,NaN,NaN,NaN,NaN,NaN,NaN,NaN,0.007079174,0.030619925,NaN,NaN,0.002302376,NaN,NaN,NaN,NaN
19164,9.8,NaN,0.56,NaN,1.53,NaN,NaN,NaN,NaN,NaN,NaN,NaN,0.006865676,0.035679509,NaN,NaN,0.00822634,NaN,NaN,NaN,NaN
19171,9.31,NaN,0.593,NaN,1.468,NaN,NaN,NaN,NaN,NaN,NaN,NaN,0.007587095,0.040116357,NaN,NaN,0.007476578,NaN,NaN,NaN,NaN
19172,9.04,NaN,0.625,NaN,1.405,NaN,NaN,NaN,NaN,NaN,NaN,NaN,0.009316332,0.076495096,NaN,NaN,0.004286175,NaN,NaN,NaN,NaN
19173,8.12,NaN,0.658,NaN,1.343,NaN,NaN,NaN,NaN,NaN,NaN,NaN,0.009713592,0.022858838,NaN,NaN,0.005244362,NaN,NaN,NaN,NaN
19174,6.8,NaN,0.69,NaN,1.28,NaN,NaN,NaN,NaN,NaN,NaN,NaN,0.010941736,0.032509439,NaN,NaN,0.018554453,NaN,NaN,NaN,NaN
19181,7.28,NaN,0.66,NaN,1.208,NaN,NaN,NaN,NaN,NaN,NaN,NaN,0.011537213,0.024143722,NaN,NaN,0.004696366,NaN,NaN,NaN,NaN
19182,7.45,NaN,0.63,NaN,1.135,NaN,NaN,NaN,NaN,NaN,NaN,NaN,0.011934153,0.049572994,NaN,NaN,0.003147453,NaN,NaN,NaN,NaN
19183,7.54,NaN,0.6,NaN,1.063,NaN,NaN,NaN,NaN,NaN,NaN,NaN,0.012044399,0.067252478,NaN,NaN,0.002052422,NaN,NaN,NaN,NaN
19184,7.9,NaN,0.57,NaN,0.99,NaN,NaN,NaN,NaN,NaN,NaN,NaN,0.012014996,0.048437102,NaN,NaN,0.005465017,NaN,NaN,NaN,NaN
19191,8.12,NaN,0.56,NaN,0.975,NaN,NaN,0.0539,0.0715,0.0473,NaN,NaN,0.010566734,-0.008428167,NaN,NaN,0.002571108,NaN,NaN,NaN,NaN
19192,9.21,NaN,0.55,NaN,0.96,NaN,NaN,0.054,0.0704,0.0469,NaN,NaN,0.010919676,0.034423084,NaN,NaN,0.004763049,NaN,NaN,NaN,NaN
19193,9.01,NaN,0.54,NaN,0.945,NaN,NaN,0.056,0.0727,0.0473,NaN,NaN,0.010846154,0.050729975,NaN,NaN,0.0087699,NaN,NaN,NaN,NaN
19194,8.92,NaN,0.53,NaN,0.93,NaN,NaN,0.0573,0.0777,0.049,NaN,NaN,0.011265191,0.063108475,NaN,NaN,0.008436735,NaN,NaN,NaN,NaN
19201,8.67,NaN,0.525,NaN,0.898,NaN,0.0475,0.0592,0.0797,0.0509,NaN,NaN,0.011436492,0.042009373,NaN,NaN,0.010659611,NaN,NaN,NaN,NaN
19202,7.92,NaN,0.52,NaN,0.865,NaN,0.0575,0.0638,0.0839,0.0554,NaN,NaN,0.013718543,0.060245804,NaN,NaN,0.007411788,NaN,NaN,NaN,NaN
19203,7.87,NaN,0.515,NaN,0.833,NaN,0.0581,0.0622,0.0814,0.0543,NaN,NaN,0.014506537,-0.043476202,NaN,NaN,0.004279798,NaN,NaN,NaN,NaN
19204,6.81,NaN,0.51,NaN,0.8,NaN,0.0588,0.0626,0.0856,0.054,NaN,NaN,0.01444848,-0.033608424,NaN,NaN,0.011056603,NaN,NaN,NaN,NaN
19211,6.88,NaN,0.498,NaN,0.673,0.636219641,0.0538,0.0608,0.0855,0.0527,NaN,NaN,0.013594127,-0.055838931,NaN,NaN,0.004082493,NaN,NaN,NaN,NaN
19212,6.55,NaN,0.485,NaN,0.545,0.704163623,0.0499,0.0618,0.0856,0.0527,NaN,NaN,0.012764464,-0.036761956,NaN,NaN,0.006839492,NaN,NaN,NaN,NaN
19213,6.61,NaN,0.473,NaN,0.418,0.678109173,0.0475,0.0593,0.0834,0.0512,NaN,NaN,0.011727044,-0.005755425,NaN,NaN,0.005569828,NaN,NaN,NaN,NaN
19214,7.31,NaN,0.46,NaN,0.29,0.596534654,0.039,0.055,0.0761,0.0447,NaN,NaN,0.01009963,-0.01336795,NaN,NaN,0.002527308,NaN,NaN,NaN,NaN
19221,7.74,NaN,0.473,NaN,0.39,0.521055587,0.0355,0.0523,0.0745,0.0441,NaN,NaN,0.009368667,-0.03504564,NaN,NaN,0.002368586,NaN,NaN,NaN,NaN
19222,8.45,NaN,0.485,NaN,0.49,0.499300549,0.0325,0.0508,0.0697,0.0424,NaN,NaN,0.008080773,0.001998,NaN,NaN,0.003640945,NaN,NaN,NaN,NaN
19223,9.06,NaN,0.498,NaN,0.59,0.477759473,0.0334,0.0493,0.0675,0.0419,NaN,NaN,0.008047522,-0.006042113,NaN,NaN,0.003816627,NaN,NaN,NaN,NaN
19224,8.78,NaN,0.51,NaN,0.69,0.472649486,0.0365,0.0508,0.0702,0.0432,NaN,NaN,0.009169306,0.014022067,NaN,NaN,0.004886943,NaN,NaN,NaN,NaN
19231,9.43,NaN,0.515,NaN,0.763,0.50209205,0.0412,0.0513,0.0709,0.0438,NaN,NaN,0.009509861,-0.001998063,NaN,NaN,0.001616929,NaN,NaN,NaN,NaN
19232,8.34,NaN,0.52,NaN,0.835,0.583710407,0.0384,0.0515,0.0721,0.0434,NaN,NaN,0.00991691,0.011877278,NaN,NaN,0.006703548,NaN,NaN,NaN,NaN
19233,8.15,NaN,0.525,NaN,0.908,0.586563601,0.0401,0.0512,0.0738,0.0436,NaN,NaN,0.009800636,0.011692015,NaN,NaN,0.004563896,NaN,NaN,NaN,NaN
19234,8.55,NaN,0.53,NaN,0.98,0.540201005,0.0388,0.0509,0.0738,0.0435,NaN,NaN,0.01001657,0.003872241,NaN,NaN,0.002812534,NaN,NaN,NaN,NaN
19241,8.7,NaN,0.535,NaN,0.968,0.594559725,0.0357,0.051,0.0708,0.0428,NaN,NaN,0.009044675,-0.011609319,NaN,NaN,0.003042928,NaN,NaN,NaN,NaN
19242,8.63,NaN,0.54,NaN,0.955,0.57383003,0.0244,0.0499,0.0682,0.0398,NaN,NaN,0.006750491,-0.0039139,NaN,NaN,0.00259472,NaN,NaN,NaN,NaN
19243,9.25,NaN,0.545,NaN,0.943,0.536060489,0.0214,0.0495,0.0673,0.0392,NaN,NaN,0.004962548,0.003910048,NaN,NaN,0.001940978,NaN,NaN,NaN,NaN
19244,10.16,NaN,0.55,NaN,0.93,0.45888308,0.0257,0.0495,0.0646,0.0396,NaN,NaN,0.006293388,0.009748436,NaN,NaN,0.003142936,NaN,NaN,NaN,NaN
19251,10.39,NaN,0.563,NaN,1.01,0.52248394,0.0278,0.0491,0.0636,0.0396,NaN,NaN,0.006667579,-1.12384E-05,NaN,NaN,0.005062998,NaN,NaN,NaN,NaN
19252,10.8,NaN,0.575,NaN,1.09,0.465613312,0.0286,0.0483,0.0618,0.0379,NaN,NaN,0.006966901,0.013463478,NaN,NaN,0.002108136,NaN,NaN,NaN,NaN
19253,11.51,NaN,0.588,NaN,1.17,0.425205632,0.0317,0.0487,0.062,0.0385,NaN,NaN,0.007690131,0.009446623,NaN,NaN,0.002377681,NaN,NaN,NaN,NaN
19254,12.46,NaN,0.6,NaN,1.25,0.389378271,0.0351,0.0485,0.0615,0.038,NaN,NaN,0.008895129,0.014958115,NaN,NaN,0.003979691,NaN,NaN,NaN,NaN
19261,11.46,NaN,0.623,NaN,1.248,0.494090844,0.0314,0.0479,0.0605,0.0371,NaN,NaN,0.008163856,-0.009333618,0.024369707,0.020230952,0.008379009,NaN,NaN,-0.09055605,-0.101090679
19262,12.32,NaN,0.645,NaN,1.245,0.453476215,0.0293,0.0472,0.058,0.0368,NaN,NaN,0.007640253,-0.003846726,0.01284488,0.014548337,0.00328218,NaN,NaN,0.111552743,0.096201659
19263,13.4,NaN,0.668,NaN,1.242,0.43871294,0.0342,0.0472,0.0579,0.0372,NaN,NaN,0.008155555,-0.00951123,0.00420152,0.015882793,0.003048033,NaN,NaN,0.085866167,0.074573415
19264,13.49,NaN,0.69,NaN,1.24,0.441475827,0.0307,0.0468,0.0568,0.0354,NaN,0.075788372,0.008321736,0.007604603,0.034368833,0.02114184,0.003776649,NaN,NaN,0.022085179,0.00639478
19271,13.93,NaN,0.71,NaN,1.208,0.469765117,0.032,0.0462,0.0554,0.0331,NaN,0.056557721,0.008089083,-0.020867485,0.04208006,0.020942711,0.002000133,NaN,NaN,0.050695411,0.037975498
19272,14.77,NaN,0.73,NaN,1.175,0.452385249,0.0307,0.0458,0.0555,0.0334,NaN,0.058026953,0.00814724,0.017298631,0.003422828,0.008712844,0.002168551,NaN,NaN,0.055901483,0.042683844
19273,17.14,NaN,0.75,NaN,1.143,0.380586062,0.0268,0.0454,0.0542,0.033,NaN,0.087270618,0.006941945,-0.019190919,0.014460748,0.023630667,0.003209255,NaN,NaN,0.177307914,0.164596804
19274,17.66,NaN,0.77,NaN,1.11,0.37468859,0.0317,0.0446,0.0532,0.0316,NaN,0.06936467,0.007731692,0.001913838,0.027037841,0.019221294,0.003895425,NaN,NaN,0.039676951,0.026418633
19281,19.13,NaN,0.79,NaN,1.177,0.363254838,0.0327,0.0446,0.0532,0.0317,NaN,0.044086685,0.008246987,-0.011631821,0.006989191,0.013657385,0.003290033,NaN,NaN,0.08442225,0.073750003
19282,19.19,NaN,0.81,NaN,1.245,0.370299948,0.0392,0.0457,0.0555,0.0326,NaN,0.039788854,0.009518199,-4.92724E-05,-0.004030117,-0.008795534,0.007862542,NaN,NaN,0.011995407,0.000572306
19283,21.37,NaN,0.83,NaN,1.312,0.32816581,0.0457,0.0461,0.0559,0.0346,NaN,0.012454628,0.010855302,0.009733355,-0.018306434,0.010313575,0.004021952,NaN,NaN,0.104904285,0.095512908
19284,24.35,NaN,0.85,NaN,1.38,0.259666667,0.0426,0.0461,0.056,0.034,NaN,0.031173008,0.010996444,-0.007748277,0.016511182,0.013109349,0.006776476,NaN,NaN,0.146063498,0.133765773
19291,25.53,NaN,0.88,NaN,1.438,0.27230047,0.046,0.047,0.0579,0.0377,NaN,0.064009489,0.011353475,-0.007808682,-0.038605055,-0.001450722,0.008911753,NaN,NaN,0.052296705,0.043665594
19292,27.62,NaN,0.91,NaN,1.495,0.253580582,0.048,0.0477,0.0594,0.0367,NaN,0.09174819,0.012216739,0.005860964,0.0219739,0.001779071,0.009112603,NaN,NaN,0.092835004,0.083272895
19293,30.16,NaN,0.94,NaN,1.552,0.244868249,0.0458,0.048,0.0612,0.0375,NaN,0.120221236,0.011502915,0.011661861,-0.00070918,0.007417614,0.00858786,NaN,NaN,0.095231399,0.087147355
19294,21.45,NaN,0.97,NaN,1.61,0.338457824,0.0303,0.0467,0.0595,0.034,NaN,0.163350483,0.009044363,-0.007740754,0.053243477,0.024792208,0.106766173,NaN,NaN,-0.266408142,-0.275374112
19301,25.14,NaN,0.973,NaN,1.45,0.319119189,0.0295,0.0462,0.0573,0.0335,NaN,0.12806352,0.008072421,-0.01365094,0.01548562,0.027123846,0.005034438,NaN,NaN,0.165177812,0.153981226
19302,20.46,NaN,0.975,NaN,1.29,0.403375453,0.0189,0.0457,0.0578,0.0328,NaN,0.129809387,0.006076961,-0.0059693,0.017440377,0.025303507,0.023479249,NaN,NaN,-0.175716773,-0.184190692
19303,18.59,NaN,0.978,NaN,1.13,0.445583211,0.0177,0.0442,0.0565,0.0324,NaN,0.098980395,0.00427194,-0.014022344,0.012139233,0.030284343,0.013653485,NaN,NaN,-0.079261325,-0.089756403
19304,15.34,NaN,0.98,NaN,0.97,0.554745413,0.0148,0.0452,0.0671,0.033,NaN,0.120762526,0.00384751,-0.028320687,0.000660697,-0.004844222,0.029636937,NaN,NaN,-0.166932849,-0.178731488
19311,16.69,NaN,0.94,NaN,0.88,0.529125087,0.0138,0.0439,0.0644,0.0332,NaN,0.097611229,0.003065083,-0.035427353,0.00665864,0.036894078,0.012193676,NaN,NaN,0.095154059,0.081399408
19312,14.83,NaN,0.9,NaN,0.79,0.607271275,0.0055,0.0436,0.0736,0.0319,NaN,0.081699373,0.002432189,-0.028034158,0.02363399,0.025494767,0.035999519,NaN,NaN,-0.102347209,-0.115641486
19313,9.71,NaN,0.86,NaN,0.7,0.944001656,0.0045,0.0455,0.0807,0.0353,NaN,0.056252627,0.001066477,-0.008844662,-0.031020598,0.004997271,0.032864746,NaN,NaN,-0.335814031,-0.345419472
19314,8.12,NaN,0.82,NaN,0.61,1.170731707,0.0241,0.0532,0.1042,0.0407,NaN,0.002113718,0.004895897,-0.026850998,-0.05172054,-0.081554832,0.07132365,NaN,NaN,-0.167592691,-0.186066601
19321,7.31,NaN,0.74,NaN,0.56,1.185862445,0.0225,0.0498,0.0883,0.037,NaN,-0.006761777,0.005952414,-0.039220174,0.042959707,0.005695766,0.055004096,NaN,NaN,-0.090641463,-0.106433366
19322,4.43,NaN,0.66,NaN,0.51,2.028478058,0.0034,0.0541,0.11,0.0347,NaN,-0.034356957,0.001466166,-0.028725676,0.047227499,-0.007981941,0.071298226,NaN,NaN,-0.389398372,-0.403012687
19323,8.08,NaN,0.58,NaN,0.46,1.214365567,0.0003,0.047,0.0761,0.0319,NaN,0.000516809,0.000324976,-0.017244354,0.054390392,0.079634913,0.096518721,NaN,NaN,0.899137605,0.877460696
19324,6.89,NaN,0.5,NaN,0.41,1.442084301,0.0004,0.0459,0.0842,0.0315,NaN,-0.001500741,4.99994E-05,-0.022534769,0.014614139,0.028859101,0.063567503,NaN,NaN,-0.138388368,-0.151696637
19331,5.85,NaN,0.485,NaN,0.418,1.476534296,0.0134,0.0468,0.0891,0.0321,NaN,-0.01831785,0.001182709,-0.038530546,-0.001792244,0.004237024,0.057428521,NaN,NaN,-0.134394301,-0.147219029
19332,10.91,NaN,0.47,NaN,0.425,0.833503159,0.0007,0.0446,0.0707,0.0306,NaN,0.002168754,0.000674899,0.010547071,0.032138055,0.068667487,0.061649217,NaN,NaN,0.896372351,0.880658306
19333,9.83,NaN,0.455,NaN,0.433,0.867996604,0.0004,0.0436,0.0727,0.0308,NaN,0.00189187,0.000199987,0.038903863,0.004998713,0.02411396,0.057320077,NaN,NaN,-0.091958791,-0.098549479
19334,10.1,NaN,0.44,NaN,0.44,0.829026046,0.0029,0.045,0.0775,0.0336,NaN,0.012765111,0.000499951,-0.0050633,-0.034894742,0.004263691,0.041057894,NaN,NaN,0.03752777,0.02820215
19341,10.75,NaN,0.443,NaN,0.453,0.802512212,0.0024,0.0413,0.0626,0.0307,NaN,0.015205388,0.001316333,0.012648714,0.054378131,0.060135847,0.018966445,NaN,NaN,0.083843432,0.0746677
19342,9.81,NaN,0.445,NaN,0.465,0.840731071,0.0015,0.0393,0.0606,0.0289,NaN,0.011833825,0.000383309,0.002496787,0.032738356,0.035601599,0.014569042,NaN,NaN,-0.081307792,-0.08880183
19343,9.1,NaN,0.448,NaN,0.478,0.870364364,0.0021,0.0396,0.0657,0.031,NaN,0.024344216,0.000458298,0.017385784,-0.022332631,0.003264615,0.021971066,NaN,NaN,-0.06854596,-0.079199692
19344,9.5,NaN,0.45,NaN,0.49,0.773740869,0.0023,0.0381,0.0623,0.0293,NaN,0.019193422,0.000624935,-0.012318272,0.033413374,0.033566219,0.00864703,NaN,NaN,0.05137032,0.041186752
19351,8.47,NaN,0.45,0.18,0.73,0.800754118,0.0015,0.0367,0.062,0.0274,NaN,0.012234043,0.000449966,0.019759333,0.031780467,0.039950149,0.008830061,NaN,NaN,-0.106968584,-0.11702943
19352,10.23,NaN,0.44,0.19,0.81,0.681818182,0.0015,0.0361,0.0577,0.027,NaN,0.019218952,0.000374977,0.002377373,0.011374796,0.026820047,0.008971256,NaN,NaN,0.217260217,0.206223804
19353,11.59,NaN,0.44,0.15,0.76,0.611734385,0.002,0.0359,0.0553,0.0282,NaN,0.009179983,0.000424969,-2.37959E-05,-0.007869065,0.00685338,0.007676233,NaN,NaN,0.142107858,0.132196959
19354,13.43,NaN,0.47,0.24,0.76,0.559911191,0.0015,0.0344,0.053,0.0276,NaN,0.01168176,0.000424969,0.00728454,0.014155843,0.019521351,0.009006347,NaN,NaN,0.173295594,0.161492763
19361,14.92,NaN,0.5,0.21,0.79,0.527696047,0.002,0.0329,0.0486,0.0275,NaN,0.011793054,0.000499958,-0.009685235,0.024389182,0.021956163,0.008793324,NaN,NaN,0.124197042,0.115737685
19362,14.84,NaN,0.55,0.28,0.88,0.523178388,0.002,0.0324,0.049,0.0273,NaN,0.019611962,0.000499958,0.0097088,0.009629779,0.014864605,0.010072548,NaN,NaN,0.002830805,-0.006832191
19363,16.01,NaN,0.61,0.21,0.94,0.491598141,0.0016,0.0318,0.0462,0.0268,NaN,0.02094379,0.000424969,0.01445213,0.014013384,0.014559679,0.005198088,NaN,NaN,0.093970668,0.083783665
19364,17.18,NaN,0.72,0.32,1.02,0.458588105,0.0012,0.031,0.0453,0.0255,NaN,0.02064082,0.000299985,-0.0023838,0.024992527,0.014440677,0.00648841,NaN,NaN,0.083560817,0.067015805
19371,17.92,NaN,0.75,0.3,1.11,0.458666381,0.0038,0.0332,0.0468,0.0285,NaN,0.031968319,0.000583265,0.016652653,-0.034110751,-0.013585834,0.005960808,NaN,NaN,0.052812423,0.046059063
19372,15.4,NaN,0.84,0.34,1.17,0.504961021,0.0036,0.0328,0.0493,0.0285,NaN,0.028885573,0.001108121,0.011712296,0.007404073,0.016184584,0.011875302,0.004205943,NaN,-0.135214107,-0.144811601
19373,13.76,NaN,0.77,0.26,1.22,0.553147441,0.0031,0.0328,0.0516,0.0284,NaN,0.031775156,0.000733244,0.016185215,0.007771134,0.004698853,0.020537495,0.003338534,NaN,-0.103205853,-0.113085657
19374,10.55,NaN,0.8,0.23,1.13,0.707488622,0.0011,0.0321,0.0573,0.0273,NaN,0.024175971,0.000333312,-0.013735228,0.022153811,0.020234971,0.059902798,0.002833122,NaN,-0.216756977,-0.237107768
19381,8.5,NaN,0.78,0.14,0.97,0.892369884,0.0008,0.0322,0.063,0.0273,NaN,0.02576423,0.000216659,-0.023288254,0.0071892,-0.003937993,0.031601376,0.002964826,NaN,-0.195204272,-0.203548908
19382,11.56,NaN,0.74,0.14,0.77,0.659545862,0.0005,0.0326,0.0625,0.0259,NaN,0.013101371,0.000158329,-2.23549E-05,0.025902597,0.024454531,0.037282008,0.006085903,NaN,0.375319975,0.360095413
19383,12.24,NaN,0.66,0.11,0.62,0.624248851,0.0008,0.0321,0.0565,0.0259,NaN,0.006665306,0.000174995,-5.6022E-06,0.00650946,0.015638553,0.028300813,0.006128015,NaN,0.065058244,0.057209327
19384,13.21,NaN,0.51,0.25,0.64,0.572039388,0.0003,0.0308,0.0527,0.0252,NaN,0.009154653,9.99983E-05,-0.004756256,0.014532707,0.024072701,0.010940332,0.004166964,NaN,0.097634339,0.086056966
19391,10.98,NaN,0.52,0.21,0.71,0.660649272,0.0003,0.0299,0.0489,0.0237,NaN,0.001813088,7.49991E-05,-0.011930331,0.02662154,0.010833031,0.018404564,0.002714895,NaN,-0.164332296,-0.172164423
19392,10.86,NaN,0.53,0.19,0.76,0.666768736,0.0003,0.0292,0.0491,0.0221,NaN,0.00244475,7.49991E-05,-0.0024125,0.026323205,0.01487102,0.015693705,0.004162359,NaN,-0.003917324,-0.015014733
19393,13.02,NaN,0.56,0.16,0.81,0.580047949,0.0014,0.0325,0.05,0.0278,NaN,0.002479444,0.000191658,0.0191393,-0.063035151,-0.025374636,0.025692659,0.007089187,NaN,0.225638065,0.213614414
19394,12.49,NaN,0.62,0.34,0.9,0.58070538,0.0004,0.0294,0.0492,0.0226,NaN,0.005154747,0.000116664,-0.009501224,0.073203231,0.03983517,0.003885376,0.006074034,NaN,-0.030505196,-0.046558081
19401,12.25,NaN,0.63,0.3,0.99,0.647959875,0.0002,0.0284,0.048,0.0215,NaN,0.008371307,4.16664E-05,0.002360992,0.018713029,0.01194464,0.002533213,0.005046031,NaN,-0.010192142,-0.020077066
19402,9.98,NaN,0.65,0.24,1.04,0.783221367,0.001,0.0296,0.0511,0.0227,NaN,0.008418777,0.000149995,0.004767569,-0.00835437,0.000682824,0.029191787,0.003512947,NaN,-0.171473732,-0.185528542
19403,10.66,NaN,0.67,0.2,1.08,0.720747889,0.0005,0.0282,0.0466,0.0215,NaN,0.010071912,0.000116664,-0.002383769,0.01910272,0.012027244,0.007561331,0.00447837,NaN,0.085496658,0.070781787
19404,10.58,NaN,0.67,0.31,1.05,0.72904751,0.0002,0.0271,0.0445,0.0194,NaN,0.010623785,4.99996E-05,0.0047506,0.030522096,0.008905039,0.007864932,0.004261973,NaN,0.014228804,-0.006506694
19411,9.96,NaN,0.68,0.31,1.06,0.804269883,0.0011,0.028,0.0438,0.0206,NaN,0.007853623,0.000141662,0.0047281,-0.008714346,-0.001002281,0.005933313,0.001855023,NaN,-0.041153832,-0.054388545
19412,9.85,NaN,0.69,0.27,1.09,0.801526718,0.0012,0.0277,0.0431,0.0191,NaN,0.006722403,0.000274987,0.035133843,0.02233802,0.019118471,0.004507017,0.002223899,NaN,0.007058136,-0.011459131
19413,10.2,NaN,0.7,0.3,1.19,0.778268412,0.001,0.0275,0.043,0.0193,NaN,0.00974778,0.000291652,0.031676349,0.002799155,0.014568083,0.002809099,0.002668551,NaN,0.048235906,0.033241479
19414,8.69,NaN,0.71,0.28,1.16,0.889509733,0.0033,0.028,0.0438,0.0204,NaN,0.012776998,0.000583266,0.021973197,-0.006836351,-0.005435579,0.008986268,0.003446983,NaN,-0.122361506,-0.14557167
19421,8.01,NaN,0.69,0.19,1.04,1.03486386,0.0025,0.0286,0.043,0.0244,NaN,0.012918379,0.000641598,0.034353578,0.01728126,0.006098257,0.006489088,0.003010964,NaN,-0.061544791,-0.075360479
19422,8.3,NaN,0.66,0.21,0.98,0.99670989,0.0037,0.0285,0.0433,0.0244,NaN,0.012889044,0.000883203,0.018713342,0.004879624,0.006010044,0.005163716,0.003265845,NaN,0.05440448,0.03483971
19423,8.85,NaN,0.62,0.26,0.94,0.944001466,0.0038,0.028,0.0426,0.0244,NaN,0.00702771,0.00094985,0.012265771,0.005908522,0.007518014,0.003211993,0.002800771,NaN,0.086033803,0.070919471
19424,9.77,NaN,0.59,0.37,1.03,0.862646566,0.0038,0.0281,0.0428,0.0246,NaN,0.001970714,0.00094985,0.024189439,0.003786169,0.006106242,0.00303306,0.005100943,NaN,0.12439932,0.10128788
19431,11.58,NaN,0.59,0.23,1.07,0.783480999,0.0038,0.0276,0.0401,0.0247,NaN,0.001794763,0.00094985,0.017661109,0.003700869,0.007513946,0.002986657,0.007322349,NaN,0.201318047,0.188551893
19432,12.35,NaN,0.59,0.24,1.1,0.746268657,0.0038,0.0272,0.0388,0.0244,NaN,0.001183578,0.00094985,0.017376455,0.011641683,0.014570193,0.004944587,0.001349733,NaN,0.079421729,0.066036217
19433,12.08,NaN,0.6,0.24,1.08,0.763631173,0.0038,0.0269,0.0383,0.0246,NaN,0.01452967,0.00094985,-0.007677636,0.00310199,0.004305512,0.004642577,0.001628115,NaN,-0.011750007,-0.022361549
19434,11.67,NaN,0.61,0.23,0.94,0.787401575,0.0038,0.0274,0.0382,0.0248,NaN,0.01535659,0.00094985,0.003835109,0.0023009,0.0016864,0.003606337,0.001962398,NaN,-0.012549441,-0.029607724
19441,12.02,NaN,0.62,0.22,0.93,0.813886488,0.0038,0.0274,0.037,0.0247,NaN,0.017220508,0.00094985,-0.003835016,0.007417864,0.010232753,0.001823847,0.001591801,NaN,0.046543525,0.034597578
19442,12.98,NaN,0.63,0.23,0.92,0.761558162,0.0038,0.0273,0.0359,0.0248,NaN,0.016226833,0.00094985,0.011512709,0.004906923,0.005909503,0.001800404,0.002742912,NaN,0.091837824,0.077380138
19443,12.78,NaN,0.64,0.22,0.9,0.772332718,0.0038,0.0272,0.0356,0.0247,NaN,0.007000866,0.00094985,0.009482261,0.007718554,0.008724502,0.002512167,0.002915031,NaN,-0.006077033,-0.016023343
19444,13.28,NaN,0.64,0.26,0.93,0.743763575,0.0038,0.027,0.0349,0.0246,NaN,0.010117414,0.00094985,0.0037594,0.007818012,0.021709086,0.001896292,0.003522317,NaN,0.065642798,0.048503653
19451,13.64,NaN,0.65,0.25,0.96,0.767882643,0.0038,0.0262,0.0338,0.0236,NaN,0.009985264,0.00094985,-0.0018779,0.022640835,0.014056983,0.00319449,0.00407661,NaN,0.036875675,0.02648601
19452,14.96,NaN,0.65,0.27,1,0.718843046,0.0038,0.0261,0.0329,0.0217,NaN,0.014163769,0.00094985,0.018723368,0.038956154,0.003900254,0.002940834,0.004146985,NaN,0.114198921,0.101375818
19453,16.16,NaN,0.66,0.21,0.99,0.656820832,0.0038,0.0262,0.0324,0.0221,NaN,0.011872323,0.00094985,-0.001853502,-0.000654881,0.002497319,0.005579744,0.003621746,NaN,0.084530482,0.075026155
19454,17.36,NaN,0.66,0.23,0.96,0.613239334,0.0038,0.0261,0.031,0.0199,NaN,0.020959883,0.00094985,0.007380066,0.042876782,0.019795496,0.003804658,0.004328006,NaN,0.087330275,0.074051551
19461,18.08,NaN,0.68,0.19,0.9,0.614852676,0.0038,0.0247,0.0294,0.0198,NaN,0.027944614,0.00094985,0.003636016,0.006713708,0.019698748,0.009980932,0.003632854,NaN,0.048800148,0.03966348
19462,18.43,NaN,0.68,0.21,0.84,0.596731835,0.0038,0.0249,0.0303,0.0206,NaN,0.03033119,0.00094985,0.0218485,-0.007786587,-0.000512746,0.003761499,0.003061925,NaN,0.028898893,0.019778048
19463,14.96,NaN,0.69,0.26,0.89,0.711634381,0.0038,0.0258,0.031,0.0219,NaN,0.045376468,0.00094985,0.092752743,-0.01594205,-0.012563468,0.018808368,0.002606433,NaN,-0.186889049,-0.19415745
19464,15.3,NaN,0.71,0.4,1.06,0.692437923,0.0038,0.0261,0.0317,0.0212,NaN,0.053595826,0.00094985,0.051767852,0.016488461,0.010789294,0.011981486,0.001781041,NaN,0.039458593,0.025162457
19471,15.17,NaN,0.72,0.4,1.27,0.741534989,0.0038,0.0255,0.0315,0.0213,NaN,0.050863635,0.00094985,0.019951828,0.003501738,0.007706952,0.005717589,0.000803646,0.036043046,-0.001786713,-0.012416758
19472,15.21,NaN,0.76,0.38,1.44,0.741116751,0.0038,0.0255,0.0321,0.0216,NaN,0.046887742,0.00094985,0.004532615,0.000587378,0.004405602,0.006662528,0.003817236,0.035089213,0.011249338,-0.002560964
19473,15.11,NaN,0.79,0.37,1.55,0.740323399,0.008,0.0261,0.0323,0.0213,NaN,0.044029565,0.001841098,0.043556545,0.009987446,-0.018147204,0.004086319,0.004326897,0.034052913,0.005530946,-0.005629541
19474,15.3,NaN,0.84,0.46,1.61,0.725325679,0.0095,0.0286,0.0352,0.0243,NaN,0.029166134,0.002265809,0.018766794,-0.039831736,-0.017250027,0.002356422,0.004760925,0.03482546,0.033518673,0.014253172
19481,15.08,NaN,0.85,0.5,1.71,0.841422122,0.01,0.0283,0.0353,0.0241,NaN,0.027164676,0.002473979,-0.000103987,0.010031671,0.017881918,0.004842356,0.005808515,0.036634565,-0.001202155,-0.014373305
19482,16.74,NaN,0.85,0.53,1.86,0.786973504,0.01,0.0276,0.0334,0.0238,NaN,0.024368971,0.002498959,0.028338295,0.010106677,-0.003735165,0.0027216,0.003144237,0.03494429,0.125991081,0.112309122
19483,15.49,NaN,0.87,0.58,2.07,0.836231071,0.0109,0.0284,0.0345,0.0242,NaN,0.019688098,0.002623851,0.016534638,-0.00060301,0.002672051,0.006083039,0.003053102,0.034685695,-0.063496354,-0.075117234
19484,15.2,NaN,0.93,0.68,2.29,0.840947547,0.0116,0.0279,0.0353,0.0237,NaN,0.015026312,0.002848647,-0.017766248,0.01395183,0.024163457,0.007698726,0.00163301,0.035238787,-0.000447516,-0.022147774
19491,15.06,NaN,0.98,0.59,2.38,0.901750424,0.0117,0.027,0.0347,0.0227,NaN,0.014771834,0.002923575,-0.009775785,0.020637417,0.00831977,0.003676125,0.002717067,0.033223399,0.004029179,-0.012034732
19492,14.16,NaN,1.02,0.55,2.4,0.953888424,0.0117,0.0271,0.0347,0.0217,NaN,0.01519133,0.002923575,0.001397638,0.019752225,0.014560053,0.003073364,0.004091914,0.031663282,-0.045931055,-0.061786097
19493,15.58,NaN,1.04,0.57,2.39,0.875020547,0.0107,0.026,0.0337,0.0212,NaN,0.021894047,0.0026072,-3.76019E-05,0.01332075,0.015765267,0.003086134,0.002629813,0.029894465,0.115619612,0.100223052
19494,16.76,NaN,1.14,0.61,2.32,0.796429284,0.011,0.0258,0.0331,0.0209,NaN,0.026499379,0.002690459,-0.009822553,0.009224811,-0.005813734,0.001992848,0.004252018,0.029233023,0.10279286,0.074357771
19501,17.29,NaN,1.17,0.64,2.37,0.825527785,0.0112,0.0258,0.0324,0.0215,NaN,0.029588802,0.002757066,-0.002846965,-0.00321602,0.006612276,0.001943566,0.00455264,0.029942529,0.048211546,0.031981337
19502,17.69,NaN,1.2,0.72,2.54,0.813447468,0.0115,0.0262,0.0328,0.0216,NaN,0.03170544,0.002881949,0.011305467,0.003794125,0.000696962,0.007071319,0.004115374,0.032456258,0.035606273,0.021022732
19503,19.45,NaN,1.33,0.75,2.72,0.751457855,0.013,0.0264,0.0321,0.022,NaN,0.027059357,0.003048447,0.025102577,-0.000342035,0.006784388,0.005584744,0.004031833,0.035106967,0.129339803,0.107107248
19504,20.41,NaN,1.47,0.73,2.84,0.722538442,0.0134,0.0267,0.032,0.0224,NaN,0.031866602,0.003339807,0.02310889,0.000281093,0.00690625,0.006521211,0.005662515,0.034702252,0.084544069,0.054467943
19511,21.4,NaN,1.52,0.63,2.83,0.7813946,0.014,0.0278,0.0323,0.0241,NaN,0.032494612,0.003414722,0.031835224,-0.017317126,-0.026148912,0.003425126,0.005749029,0.033475465,0.061634431,0.046730873
19512,20.96,NaN,1.56,0.61,2.72,0.800362677,0.0145,0.0294,0.0349,0.0259,NaN,0.036078943,0.003722687,0.003871848,-0.01927496,-0.011676343,0.003218998,0.004064516,0.03365403,-0.008627777,-0.023301263
19513,23.26,NaN,1.52,0.54,2.51,0.716182328,0.0163,0.0284,0.0346,0.0253,NaN,0.028633195,0.004005657,0.007710461,0.015645927,0.026250538,0.002165068,0.00393371,0.033743343,0.127920692,0.112421306
19514,23.77,NaN,1.41,0.66,2.44,0.721316347,0.0173,0.0301,0.0361,0.0269,0.001509173,0.03599303,0.004022295,0.014033176,-0.018636657,-0.014830517,0.002879003,0.004146893,0.032760046,0.039662622,0.020159322
19521,24.37,NaN,1.42,0.59,2.4,0.751874119,0.0159,0.0296,0.0351,0.0263,-0.007731893,0.031945608,0.003914112,-0.0063251,0.015350584,0.018916205,0.002091889,0.00332273,0.032631749,0.044537036,0.029705007
19522,24.96,NaN,1.45,0.55,2.34,0.738715088,0.017,0.0294,0.035,0.0259,0.000855864,0.027671236,0.004113842,0.007602983,0.014047693,0.004303078,0.001539594,0.004430721,0.032746335,0.03827007,0.023828903
19523,24.54,NaN,1.45,0.56,2.36,0.748678911,0.0171,0.0295,0.0352,0.0277,0.002747899,0.030943054,0.004455021,0.007526728,-0.021869182,0.006095842,0.001036413,0.003504369,0.029558285,-0.00504944,-0.017714433
19524,26.57,NaN,1.41,0.7,2.4,0.694073313,0.0209,0.0297,0.0351,0.0279,-0.005482134,0.026425724,0.004729581,-1.5605E-06,0.004563611,0.005507967,0.001715097,0.003445919,0.032072216,0.102276064,0.084317995
19531,25.29,NaN,1.41,0.62,2.43,0.762496874,0.0201,0.0312,0.0357,0.0294,-0.003552224,0.023785718,0.00494592,-0.005018829,-0.016244348,-0.015228506,0.001592715,0.002897312,0.033599769,-0.035649027,-0.048281673
19532,24.14,NaN,1.42,0.63,2.51,0.795496906,0.0211,0.034,0.0386,0.0301,-0.007507071,0.027228481,0.005378508,0.007526757,-0.003405325,-0.017127809,0.002833897,0.002853784,0.033538578,-0.032128573,-0.04524797
19533,23.35,NaN,1.42,0.6,2.55,0.808210877,0.0179,0.0329,0.0388,0.0284,-0.006861708,0.025540236,0.004887669,0.006227465,0.033089477,0.034578504,0.00228874,0.002609423,0.034008037,-0.022965242,-0.036591669
19534,24.81,NaN,1.45,0.66,2.51,0.759700961,0.016,0.0313,0.0374,0.0274,-0.005277279,0.02455226,0.003681065,-0.002489145,0.023114493,0.03269632,0.001423726,0.00279331,0.033296432,0.077848061,0.058925929
19541,26.94,NaN,1.47,0.66,2.55,0.804915818,0.0103,0.0286,0.0351,0.0278,0.004030128,0.021990539,0.002648822,-4.6142E-06,0.039105659,0.036472058,0.001174717,0.002326738,0.032035082,0.099745418,0.085091483
19542,29.21,NaN,1.45,0.7,2.62,0.732467844,0.0064,0.029,0.0349,0.0272,0.005171585,0.018296142,0.001974331,0.002473551,0.017935755,-0.00133351,0.002136315,0.001838346,0.031477458,0.095581781,0.082616878
19543,32.31,NaN,1.47,0.61,2.63,0.677745104,0.0101,0.0289,0.0347,0.0271,0.008942447,0.016907679,0.002207506,-0.00372132,0.008742008,0.009830429,0.002481424,0.002207768,0.032130711,0.116463371,0.103584295
19544,35.98,NaN,1.54,0.8,2.77,0.604119785,0.0115,0.029,0.0345,0.0272,0.003275311,0.025978579,0.002548908,-0.003738392,0.00448633,0.008221067,0.002599531,0.002845475,0.031809162,0.134514417,0.118019829
19551,36.58,NaN,1.56,0.85,2.96,0.607761777,0.0128,0.0302,0.0348,0.0288,0.00349121,0.026950743,0.003056773,0,-0.023287915,-0.006885528,0.005692359,0.002822056,0.032161321,0.029574292,0.019308652
19552,41.03,NaN,1.57,0.96,3.22,0.551641632,0.0141,0.0305,0.0351,0.0293,-0.008348836,0.024390767,0.003706037,0,-0.000255516,0.000994671,0.002007729,0.000454198,0.03394342,0.131636134,0.120669906
19553,43.67,NaN,1.62,0.83,3.44,0.533624791,0.0207,0.0313,0.0359,0.0298,-0.016594935,0.02477461,0.00463804,0.004976612,-0.00257565,-0.000344342,0.009110181,0.000206388,0.03535943,0.069010219,0.058914163
19554,45.48,NaN,1.64,0.98,3.62,0.50982801,0.0254,0.0315,0.0362,0.0295,-0.010171445,0.025245104,0.005835965,-0.001246085,0.01357159,0.011106693,0.005136637,0.000243799,0.035955581,0.054414461,0.040000888
19561,48.48,NaN,1.73,0.92,3.69,0.5310772,0.0225,0.031,0.036,0.0303,-0.0116068,0.026654931,0.005811031,-0.000001549,-0.006922325,-0.001763155,0.003351254,0.000741498,0.034903814,0.07569955,0.066146741
19562,46.97,NaN,1.8,0.87,3.6,0.551564593,0.0249,0.0326,0.0376,0.0299,-0.01596134,0.025460548,0.006409811,0.012405397,0.013675304,-0.008148352,0.003776785,0.000939936,0.035102455,-0.022358697,-0.032051827
19563,45.35,NaN,1.84,0.69,3.46,0.571909521,0.0284,0.0356,0.0407,0.0324,-0.013876539,0.029129906,0.006451343,0.0073425,-0.034405216,-0.028742448,0.002521515,0.001359354,0.035034998,-0.02783014,-0.036910778
19564,46.67,NaN,1.74,0.93,3.41,0.544176827,0.0321,0.0375,0.0437,0.0345,-0.016820971,0.025968701,0.007573747,0.008515019,-0.028771081,-0.030979365,0.004317095,0.000969841,0.034605891,0.041261048,0.028235638
19571,44.11,NaN,1.73,0.91,3.4,0.599818875,0.0308,0.0366,0.0443,0.0331,-0.012147662,0.026252373,0.007731695,0.00724488,0.034697252,0.034329126,0.002327968,0.001054099,0.034520653,-0.041924407,-0.053847355
19572,47.37,NaN,1.73,0.89,3.42,0.565876532,0.0329,0.0391,0.0463,0.0361,-0.011523185,0.03035099,0.007839736,0.011977643,-0.042008859,-0.045798074,0.001276598,0.00217603,0.034106405,0.086026164,0.075697947
19573,42.42,NaN,1.76,0.74,3.47,0.624150778,0.0353,0.0412,0.0493,0.0364,-0.001743604,0.034110094,0.008371618,0.007104762,0.003669534,-0.002503056,0.004326852,0.001116985,0.03450837,-0.095277186,-0.104319411
19574,39.99,NaN,1.79,0.83,3.37,0.653675779,0.0304,0.0381,0.0503,0.0323,0.005990845,0.034652496,0.008263558,0.0035273,0.080208128,0.10426433,0.009171515,0.000667927,0.033293965,-0.052814299,-0.064743492
19581,42.1,NaN,1.77,0.68,3.14,0.668591638,0.013,0.0363,0.0468,0.0321,0.009935217,0.028763281,0.004388204,0.014042075,0.011731463,0.004450256,0.001989835,0.000187321,0.030633187,0.06539202,0.054100252
19582,45.24,NaN,1.73,0.68,2.93,0.62466017,0.0083,0.0357,0.0455,0.0324,0.013241392,0.021255084,0.002390697,0.003468868,0.00240263,0.015576618,0.001799018,0.000757718,0.029148917,0.08496294,0.0740911
19583,50.06,NaN,1.73,0.69,2.88,0.561371197,0.0244,0.0409,0.0487,0.038,0.002932024,0.013849507,0.004196657,-1.3287E-06,-0.080970639,-0.05596102,0.001712007,0.001397779,0.028591852,0.11667213,0.106746658
19584,55.21,NaN,1.75,0.84,2.89,0.51177932,0.0277,0.0408,0.0485,0.0382,-0.003125765,0.023488247,0.00671747,-1.3287E-06,0.007395623,0.015388738,0.003092329,0.001585812,0.029550815,0.113961181,0.103876116
19591,55.44,NaN,1.77,0.9,3.11,0.516860282,0.028,0.0413,0.0485,0.0403,0.001199953,0.02483265,0.006925331,-1.3287E-06,0.005312531,0.001383673,0.001912179,0.001768307,0.030338963,0.016485899,0.008518119
19592,58.47,NaN,1.79,0.97,3.4,0.483219391,0.0321,0.0446,0.0504,0.0419,-0.002869094,0.026774931,0.007490616,0.006908415,-0.011206344,-0.024128897,0.001825315,0.001917092,0.031100875,0.063584262,0.055245151
19593,56.88,NaN,1.81,0.72,3.43,0.492337893,0.0404,0.0452,0.0518,0.0429,0.00963331,0.030326639,0.008836837,0.004572697,-0.00383529,-0.006778467,0.00331381,0.001397017,0.031890315,-0.021264241,-0.02870668
19594,59.89,NaN,1.83,0.8,3.39,0.457783797,0.0449,0.0458,0.0528,0.0447,0.011436486,0.022666572,0.010556369,0.0034149,-0.013024952,0.020332612,0.001416711,0.000975372,0.031545651,0.061651448,0.052108547
19601,55.34,NaN,1.94,0.9,3.39,0.549798083,0.0331,0.0449,0.0525,0.0411,0.006300406,0.02539929,0.009667549,-1.2928E-06,0.060926043,0.043188426,0.003002278,0.000360982,0.032545626,-0.069137537,-0.076972756
19602,56.92,NaN,1.95,0.84,3.26,0.529174862,0.0246,0.0445,0.0526,0.0407,0.011671969,0.024180531,0.007473867,0.007935789,0.01520599,0.009744055,0.001567443,-4.2243E-06,0.032800567,0.039025416,0.03011895
19603,53.52,NaN,1.95,0.73,3.27,0.584341711,0.0248,0.0425,0.0501,0.0387,0.011398715,0.028237795,0.005894199,0.0011268,0.037577341,0.031163176,0.003325993,-0.001194357,0.031736898,-0.051280144,-0.05914007
19604,58.11,NaN,1.95,0.8,3.27,0.550422965,0.0225,0.0435,0.051,0.038,0.013260438,0.022740016,0.005761129,0.005619836,0.018256736,0.004129862,0.002101217,-0.001362514,0.031356981,0.095623592,0.085430323
19611,65.06,NaN,1.94,0.72,3.09,0.546679869,0.0239,0.0422,0.0502,0.0397,0.009811262,0.022785999,0.005869249,0,0.005352382,0.033106079,0.001681666,-0.001214966,0.030498164,0.131309559,0.123029286
19612,64.64,NaN,1.94,0.78,3.03,0.540821101,0.0233,0.0433,0.0503,0.0404,0.010980796,0.02251497,0.005752814,0.0011192,-0.000704253,-0.014702785,0.001927383,-0.001148127,0.030960743,0.000754944,-0.006580274
19613,66.73,NaN,1.96,0.75,3.05,0.527516721,0.0228,0.0445,0.0512,0.0403,0.00114446,0.025548271,0.00575281,0.005579776,0.012582658,0.016624376,0.001835894,-0.002292368,0.031026955,0.039626745,0.03175511
19614,71.55,NaN,2.02,0.94,3.19,0.505922258,0.026,0.0442,0.051,0.0415,-0.001342833,0.022919403,0.006143689,0,-0.007477773,0.012895168,0.000990766,-0.002210744,0.031874943,0.079727309,0.070889521
19621,69.55,NaN,2.04,0.9,3.37,0.545724592,0.0272,0.0439,0.0504,0.0398,-0.000555509,0.024697783,0.006800619,0.004444427,0.034410385,0.028541548,0.001350747,-0.002884136,0.032396953,-0.021303672,-0.028204632
19622,54.75,NaN,2.06,0.88,3.47,0.687357469,0.0273,0.0428,0.0502,0.0401,0.012969097,0.027090965,0.00678399,0.0022124,0.005140153,0.01156308,0.01686146,-0.002795277,0.033116356,-0.206425472,-0.21321595
19623,56.27,NaN,2.08,0.81,3.53,0.666344261,0.0278,0.0432,0.0503,0.0398,0.014508985,0.029865538,0.007091608,0.007717136,0.013742507,0.021792279,0.003795778,-0.002921802,0.033273862,0.03530226,0.026446397
19624,63.1,NaN,2.13,1.08,3.67,0.591627051,0.0287,0.0424,0.0492,0.0395,0.007915172,0.019320952,0.007025099,-0.002194195,0.014054452,0.015372157,0.005270773,-0.002796575,0.032776001,0.134820123,0.123048805
19631,66.57,NaN,2.15,0.94,3.71,0.587528571,0.0289,0.0419,0.0488,0.0401,0.002412494,0.013752752,0.00725788,0.003294912,0.00160055,0.010834925,0.001451838,-0.00299588,0.032470473,0.0624946,0.054215796
19632,69.37,NaN,2.2,1.01,3.84,0.567281575,0.0299,0.0423,0.0484,0.0407,0.000014,0.017781139,0.00734101,0.0043716,0.002999325,0.003974125,0.000886915,-0.002771582,0.033259014,0.049869599,0.04162439
19633,71.7,NaN,2.21,0.93,3.96,0.547223625,0.0338,0.0431,0.0484,0.041,0.003916223,0.010458639,0.008222049,0.0043526,0.005608593,0.003995288,0.001186616,-0.001524392,0.033984175,0.040667022,0.033124754
19634,75.02,NaN,2.28,1.14,4.02,0.525591454,0.0352,0.0435,0.0485,0.0417,0.003804873,0.008938387,0.008728954,0.004339574,0.001885248,0.002985565,0.003887264,-0.001496869,0.034785458,0.057030143,0.04706958
19641,78.98,NaN,2.33,1.1,4.18,0.523675442,0.0354,0.0438,0.0483,0.0424,0.001168056,0.017686042,0.008812045,0.001079331,0.001192296,0.007859269,0.000369752,-0.001857946,0.035303151,0.062837492,0.055337049
19642,81.69,NaN,2.38,1.16,4.33,0.512206855,0.0348,0.0441,0.0485,0.0419,-0.004961193,0.020345441,0.0086791,0.003236826,0.016690592,0.014569469,0.000878383,-0.00198863,0.035834433,0.041622345,0.033944214
19643,84.18,NaN,2.44,1.07,4.47,0.486537121,0.0353,0.0442,0.0482,0.0421,-0.00119674,0.020292834,0.008728954,0.003223995,0.007815608,0.01103797,0.00079533,-0.001953168,0.036654847,0.037696015,0.030447391
19644,84.75,NaN,2.5,1.22,4.55,0.4872273,0.0384,0.0444,0.0481,0.0423,-0.003327503,0.023053757,0.009194216,0.004288334,0.009025332,0.013438462,0.000751123,-0.002380573,0.036988781,0.015567552,0.006776307
19651,86.16,NaN,2.55,1.23,4.68,0.469489905,0.0393,0.0442,0.0478,0.0422,-0.001981029,0.019147267,0.009709268,0.0010678,0.01083479,0.010218099,0.00070363,-0.002137368,0.039008175,0.025957489,0.018719267
19652,84.12,NaN,2.61,1.32,4.84,0.480858957,0.038,0.0446,0.0485,0.0423,0.006614736,0.01755078,0.009667736,0.010650804,0.010131891,0.00159871,0.002325898,-0.00238082,0.039916756,-0.016029434,-0.023555932
19653,89.96,NaN,2.66,1.21,4.98,0.448537471,0.0392,0.0452,0.0491,0.0433,-0.004253437,0.016840036,0.009651125,0.001050935,-0.00250591,-0.000203088,0.000928501,-0.001395145,0.040812904,0.077319707,0.069676514
19654,92.43,NaN,2.72,1.43,5.19,0.430637806,0.0438,0.0468,0.0502,0.045,0.000022,0.020768513,0.0103986,0.006321378,-0.011289309,-0.016009439,0.000631164,-0.000812888,0.041883312,0.035446933,0.026370434
19661,89.23,NaN,2.78,1.38,5.34,0.490175936,0.0459,0.0492,0.0532,0.046,0.005620973,0.01672833,0.011502918,0.009409262,-0.006580144,-0.014971023,0.001419878,-0.000488877,0.042988512,-0.030007982,-0.036973681
19662,84.74,NaN,2.83,1.44,5.46,0.520974601,0.045,0.0507,0.0558,0.0477,0.008520107,0.017077859,0.011444804,0.008293423,-0.01374337,0.00169271,0.002787947,-0.000666017,0.042881181,-0.041986964,-0.049908055
19663,76.56,NaN,2.89,1.26,5.51,0.585492496,0.0537,0.0549,0.0609,0.048,0.009784396,0.016858335,0.012581853,0.010278472,0.008171991,-0.02792266,0.00577933,-0.001706522,0.042641097,-0.088618249,-0.096503408
19664,80.33,NaN,2.87,1.47,5.55,0.576945106,0.0496,0.0539,0.0618,0.0455,-0.000222944,0.01718598,0.012996774,0.005088029,0.049279024,0.044631161,0.003948135,-4.98789E-05,0.041795803,0.060358972,0.049918458
19671,90.2,NaN,2.9,1.28,5.45,0.549550798,0.0426,0.0513,0.0585,0.0455,-0.007121526,0.014930903,0.01126213,0.003040052,0.012620261,0.035976247,0.001647028,0.000718071,0.040230565,0.131981783,0.122957796
19672,90.64,NaN,2.9,1.32,5.33,0.553204845,0.0354,0.0544,0.0615,0.0507,-0.007070136,0.010149863,0.009136057,0.008077822,-0.063060451,-0.053898932,0.00279817,0.001729455,0.039488679,0.013764059,0.005760841
19673,96.71,NaN,2.92,1.23,5.3,0.513564846,0.0442,0.0565,0.064,0.0517,-0.011186464,0.00559497,0.010730777,0.010010974,-0.002056457,0.012829063,0.000873609,0.002264023,0.038730474,0.074514972,0.066514384
19674,96.47,NaN,2.92,1.5,5.33,0.525792445,0.0497,0.0619,0.0693,0.0556,-0.016071546,0.014249027,0.011859831,0.008924116,-0.040745267,-0.042528283,0.001670584,0.002952225,0.038988694,0.005350788,-0.003045102
19681,90.2,NaN,2.95,1.39,5.44,0.566809807,0.0517,0.0611,0.0685,0.056,-0.010035392,0.01257013,0.012598502,0.011786974,0.007568655,0.019446879,0.002699245,0.003403219,0.039671243,-0.058629317,-0.066145329
19682,99.58,NaN,2.99,1.45,5.57,0.530741813,0.0552,0.0628,0.0707,0.0534,-0.015862239,0.012048786,0.013768344,0.011647688,0.050720855,0.020313147,0.002493611,0.002626874,0.038415912,0.112787845,0.104140027
19683,102.67,NaN,3.03,1.32,5.66,0.509195439,0.0519,0.0597,0.0679,0.0531,-0.006200863,0.018286272,0.012963609,0.010557093,0.018099698,0.049808827,0.001341254,0.002411819,0.038407865,0.038063997,0.030297938
19684,103.86,NaN,3.07,1.6,5.76,0.504900662,0.0596,0.0645,0.0723,0.0598,-0.013885147,0.031947725,0.013934182,0.012341601,-0.074602179,-0.060647445,0.000865344,0.002347561,0.039014961,0.019304393,0.011380668
19691,101.51,NaN,3.1,1.45,5.82,0.557040236,0.0602,0.0685,0.0751,0.062,-0.004012966,0.039418221,0.015194785,0.014991097,-0.015503007,-0.022275952,0.001743998,0.002297385,0.03961355,-0.01640475,-0.023860263
19692,97.71,NaN,3.13,1.47,5.84,0.596777334,0.0644,0.0698,0.077,0.0623,0.00044628,0.045139859,0.015451774,0.015695121,0.012828105,0.013574688,0.001729547,0.001192764,0.039470533,-0.029068397,-0.037324545
19693,93.12,NaN,3.15,1.37,5.89,0.640888463,0.0709,0.0714,0.0805,0.0677,-0.006333994,0.048317048,0.017507148,0.013642473,-0.052204716,-0.025864376,0.004115472,0.002174667,0.039964801,-0.039105705,-0.046848648
19694,92.06,NaN,3.16,1.49,5.78,0.651082013,0.0782,0.0772,0.0865,0.0687,0.000361799,0.034260597,0.018327116,0.015247153,0.004436121,-0.047929195,0.002426415,0.000822252,0.039149684,-0.000845466,-0.009798907
19701,89.63,NaN,3.17,1.3,5.63,0.690326769,0.0663,0.0784,0.0863,0.0661,0.008899251,0.03584589,0.017970799,0.01413751,0.049292688,0.050018966,0.003089348,-0.000431436,0.038370098,-0.017643382,-0.02614926
19702,72.72,NaN,3.18,1.36,5.52,0.793381417,0.0668,0.0848,0.0925,0.0709,0.005147533,0.042221273,0.016645384,0.015678659,-0.041754884,-0.040796589,0.012418442,-0.000252295,0.037661767,-0.180849151,-0.189089909
19703,84.21,NaN,3.19,1.21,5.36,0.712914761,0.0612,0.0809,0.0939,0.068,0.003702455,0.037964518,0.015775096,0.010297553,0.053422008,0.080975568,0.005071546,0.000875697,0.037378069,0.168238279,0.157172963
19704,92.15,NaN,3.12,1.26,5.13,0.646426358,0.0487,0.0764,0.0912,0.0648,0.007604331,0.031536474,0.013353381,0.01358521,0.058372172,0.087233864,0.002464049,0.001512501,0.035536578,0.106246641,0.096136707
19711,100.31,NaN,3.09,1.39,5.22,0.633811383,0.0338,0.0721,0.0846,0.0593,-0.007821458,0.026390062,0.009584469,0.005870026,0.087836017,0.040830924,0.001485204,0.002105175,0.035497868,0.097985007,0.089521815
19712,99.7,NaN,3.09,1.46,5.32,0.643221043,0.0475,0.0764,0.0875,0.0641,-0.015500319,0.027151736,0.010606086,0.014155324,-0.04432378,-0.029040764,0.001771371,0.001377755,0.03563525,0.000923766,-0.006715768
19713,98.34,NaN,3.08,1.32,5.43,0.64608483,0.0469,0.0744,0.0859,0.0598,-0.014747797,0.027800351,0.012498837,0.005754905,0.071666223,0.042023333,0.003493921,0.001167068,0.035405986,-0.005511032,-0.013285002
19714,102.09,NaN,3.07,1.53,5.7,0.643900247,0.0401,0.0725,0.0838,0.0597,-0.013641008,0.033892573,0.01055637,0.007353982,0.016373965,0.054177134,0.003711175,0.00225388,0.035805449,0.047303608,0.038785266
19721,107.2,NaN,3.07,1.5,5.81,0.645901988,0.0373,0.0724,0.0824,0.0613,-0.015084672,0.031749177,0.008579337,0.007297604,-0.005775485,0.009782365,0.001323714,0.002239723,0.036598588,0.057540921,0.050018398
19722,107.14,NaN,3.07,1.62,5.97,0.654015479,0.0391,0.0723,0.082,0.0607,-0.006492564,0.034324265,0.009410216,0.008053509,0.023079376,0.012922022,0.001517795,0.00154141,0.036788593,0.006863056,-0.00028283
19723,110.55,NaN,3.1,1.49,6.14,0.637385001,0.0466,0.0722,0.0809,0.0606,-0.006786364,0.032992109,0.010531393,0.009582751,0.01605877,0.013353287,0.001656198,0.000883967,0.036920741,0.039285084,0.032107183
19724,118.05,NaN,3.16,1.81,6.42,0.595674595,0.0507,0.0708,0.0793,0.0599,-0.02232496,0.034280501,0.01213374,0.008703522,0.02256333,0.034837389,0.001863895,0.000311447,0.038381203,0.076294221,0.06842403
19731,111.52,NaN,3.19,1.88,6.8,0.676018128,0.0609,0.0729,0.0803,0.0686,-0.021352344,0.036707404,0.014216178,0.019564907,-0.022797049,0.001373574,0.003337763,-0.000695859,0.039658785,-0.051077125,-0.057495824
19732,104.26,NaN,3.24,2.05,7.23,0.720974308,0.0719,0.0737,0.0813,0.071,-0.021369683,0.038937376,0.016462899,0.019964005,-0.008035809,-0.003435977,0.006759664,0.000743978,0.04067508,-0.058364708,-0.065530988
19733,108.43,NaN,3.31,1.95,7.69,0.678808996,0.0829,0.0763,0.0863,0.0703,-0.021760591,0.034300277,0.020736426,0.023244371,0.025719572,0.021417914,0.003898455,-5.45824E-05,0.040717524,0.048837094,0.040816732
19734,97.55,NaN,3.4,2.28,8.16,0.755588463,0.0745,0.0768,0.0848,0.0726,-0.018799295,0.012841074,0.018691584,0.022058323,-0.005416464,-0.007761702,0.01107283,-0.000640199,0.04040391,-0.090856939,-0.099807117
19741,93.98,NaN,3.46,2.08,8.36,0.815184013,0.0796,0.0801,0.0862,0.0783,-0.016157505,0.010207059,0.018981357,0.03302604,-0.039568222,-0.034969544,0.006981114,-0.001167099,0.039748377,-0.027782867,-0.036254063
19742,86,NaN,3.53,2.43,8.74,0.860158772,0.079,0.0847,0.0927,0.0812,-0.005381359,0.007816028,0.020314364,0.026429907,-0.00887109,-0.051775246,0.006128292,-0.001691767,0.039085189,-0.075475906,-0.0847564
19743,63.54,NaN,3.59,2.32,9.11,1.135440144,0.0806,0.0924,0.1018,0.0837,0.007497611,0.004984473,0.020405096,0.032490411,-0.001975728,-0.030758141,0.017520254,-0.001700144,0.038095205,-0.252165317,-0.261483987
19744,68.56,NaN,3.62,2.06,8.89,1.120018175,0.0715,0.0889,0.1063,0.076,0.011239573,0.008907642,0.01834378,0.024290928,0.098307858,0.092976184,0.017413176,-0.000830488,0.036559211,0.094652909,0.079760445
19751,83.36,NaN,3.68,1.64,8.45,0.972466315,0.0549,0.0867,0.1048,0.0824,0.006876967,0.02061813,0.014340535,0.015401553,0.00823636,0.047585842,0.008598854,-0.000704292,0.03391804,0.228229632,0.214705699
19752,95.19,NaN,3.71,1.94,7.96,0.84983902,0.0534,0.0877,0.1062,0.0813,-0.021943834,0.023140479,0.013453098,0.017687745,0.031890494,0.035907364,0.005474305,-0.000805424,0.032743616,0.154093853,0.142692944
19753,83.87,NaN,3.7,2.12,7.76,0.940948254,0.0642,0.0895,0.1061,0.0862,0.001912858,0.02798741,0.015783387,0.018606943,-0.02508952,-0.032789862,0.005892165,-0.001492257,0.032795033,-0.109882106,-0.119029189
19754,90.19,NaN,3.69,2.26,7.96,0.876338851,0.0544,0.0879,0.1056,0.0805,-0.001152905,0.02359733,0.014033733,0.01645732,0.076489458,0.092247151,0.004298067,-0.000465116,0.032840616,0.085435478,0.074213038
19761,102.77,NaN,3.71,2.34,8.66,0.784031217,0.05,0.0852,0.1012,0.0792,-0.004519758,0.015000342,0.012266551,0.007207145,0.032109046,0.042132425,0.004465438,-0.000438798,0.033184548,0.149906892,0.139575582
19762,104.28,NaN,3.79,2.53,9.25,0.781427631,0.0541,0.0862,0.0989,0.0807,-0.003941696,0.018952447,0.012863994,0.015481624,0.006479768,0.003038682,0.002915184,-0.001277583,0.033308768,0.025602381,0.015582733
19763,105.24,NaN,3.92,2.42,9.55,0.791363274,0.0508,0.0838,0.094,0.0781,-0.001194813,0.023806384,0.012847447,0.014660532,0.043986016,0.055684538,0.002122363,-0.001456697,0.033752634,0.018651559,0.008937015
19764,107.46,NaN,4.09,2.62,9.91,0.779973125,0.0435,0.0798,0.0912,0.0721,0.004428738,0.028690982,0.011660583,0.009832697,0.076677282,0.075180879,0.002964146,-0.001122704,0.034121985,0.031480727,0.020201756
19771,98.42,NaN,4.25,2.51,10.08,0.868429928,0.046,0.081,0.0912,0.0772,0.01052651,0.030515483,0.011552726,0.022286084,-0.03480582,-0.02314245,0.001696038,-0.001732089,0.035127155,-0.076218122,-0.08590255
19772,100.48,NaN,4.4,2.87,10.42,0.871112081,0.0502,0.0795,0.0891,0.0754,0.001559321,0.032040779,0.012075617,0.020132936,0.036411646,0.038568355,0.002183018,-0.001593585,0.035778383,0.032597407,0.020615487
19773,96.53,NaN,4.55,2.71,10.71,0.942262516,0.0581,0.0792,0.088,0.0764,-0.000452851,0.032455367,0.013710224,0.012076784,0.009724682,0.010864395,0.001640351,-0.001802691,0.03614805,-0.028387263,-0.03945164
19774,95.1,NaN,4.71,2.8,10.89,0.960333025,0.0607,0.0819,0.0899,0.0803,0.000862235,0.030501373,0.015236243,0.01139022,-0.016885037,-0.008247087,0.002740347,-0.00183389,0.036963862,-0.001183375,-0.014550407
19781,89.21,NaN,4.84,2.54,10.92,1.111492553,0.0629,0.0847,0.0922,0.0831,0.005243628,0.027502778,0.015940901,0.019815575,-0.009687233,0.000338459,0.002200802,-0.001381708,0.036876389,-0.051054259,-0.063638227
19782,95.53,NaN,4.95,3.18,11.23,1.027901581,0.0673,0.0876,0.096,0.0865,0.003745645,0.016429115,0.016148093,0.02883837,-0.012458058,-0.010805233,0.00385365,-0.001834939,0.039523567,0.08559424,0.071630117
19783,102.54,NaN,5.04,3.05,11.57,0.972257513,0.0785,0.0869,0.0942,0.086,0.000000405,0.012671983,0.018227696,0.020410629,0.025425776,0.031086484,0.002800145,-0.002599305,0.040338248,0.086834121,0.073994731
19784,96.11,NaN,5.12,3.56,12.33,1.045701296,0.0908,0.0916,0.0994,0.0898,0.000213239,0.014734805,0.021348651,0.018005576,-0.014458786,-0.020576617,0.006946542,-0.001548154,0.041021421,-0.049683621,-0.063300056
19791,101.59,NaN,5.24,3.51,13.3,1.033078939,0.0948,0.0937,0.1026,0.0902,-0.001345024,0.011541451,0.023367088,0.030400151,0.018311064,0.016021344,0.002615927,-0.001349922,0.041271795,0.071018022,0.056606451
19792,102.91,NaN,5.4,3.86,13.98,1.057863607,0.0906,0.0929,0.1038,0.0877,0.002232407,0.012025454,0.0233505,0.035655088,0.046161979,0.044851691,0.002142543,-0.001327684,0.040483391,0.027118816,0.012728973
19793,109.32,NaN,5.56,3.7,14.63,1.013794987,0.1026,0.0944,0.1054,0.0927,-0.001104045,0.009217459,0.024086192,0.031231122,-0.024024213,-0.020357077,0.002447231,-0.001419556,0.041105697,0.076253639,0.062458966
19794,107.94,NaN,5.7,3.79,14.86,1.061950068,0.1204,0.1074,0.1206,0.1012,0.002388057,0.010382317,0.029463158,0.028954871,-0.050232518,-0.078833021,0.004617322,-0.000371131,0.04055983,0.001738695,-0.012429997
19801,102.09,NaN,5.89,3.94,15.29,1.093732103,0.152,0.1296,0.1445,0.1239,0.001670817,0.011786773,0.033197097,0.042755949,-0.145143335,-0.132125143,0.008425917,-0.000484608,0.040370167,-0.03968641,-0.052432153
19802,114.24,NaN,6.02,3.51,14.94,0.990183427,0.0707,0.1058,0.1271,0.1006,-0.004720242,0.015228094,0.023938879,0.032351623,0.243682241,0.242270121,0.005626351,0.000420313,0.037741919,0.133038056,0.117742994
19803,125.46,NaN,6.14,3.4,14.64,0.921687652,0.1027,0.1202,0.137,0.1185,-0.014723454,0.023909795,0.022795665,0.016495139,-0.112618596,-0.107164815,0.005728395,0.000765403,0.037544774,0.112825818,0.099007839
19804,135.76,NaN,6.24,3.97,14.82,0.891503024,0.1549,0.1321,0.1514,0.1199,-0.011890055,0.026943668,0.033839187,0.026501568,0.018053982,0.01022014,0.007561243,0.001020158,0.037856944,0.09508874,0.082280035
19811,136,NaN,6.32,3.7,14.58,0.924920557,0.1336,0.1333,0.1534,0.1248,-0.00785238,0.028084793,0.03576046,0.025814749,-0.01819254,-0.009680314,0.005204288,0.000448875,0.037977958,0.014393745,0.002155895
19812,131.21,NaN,6.43,3.94,15.01,0.950474982,0.1473,0.1375,0.158,0.1304,-0.004210069,0.028006574,0.037035929,0.023295378,-0.010850447,-0.019726094,0.002749233,-5.70271E-05,0.038244816,-0.0220165,-0.034017351
19813,116.18,NaN,6.55,3.66,15.27,1.092378644,0.147,0.1549,0.1692,0.1482,-0.009418636,0.021496386,0.037399128,0.029340086,-0.085985627,-0.08891531,0.005689101,-0.000542183,0.03866238,-0.102569488,-0.114589637
19814,122.55,NaN,6.65,4.06,15.36,1.061142857,0.1085,0.1423,0.1655,0.1334,-0.010744192,0.012006905,0.029230481,0.007866372,0.147491411,0.116647808,0.004488053,-0.001279466,0.039061472,0.068421248,0.054083785
19821,111.96,NaN,6.74,3.15,14.81,1.185750574,0.1268,0.1458,0.1682,0.1387,-0.007913448,0.005605918,0.031863265,0.005671943,0.046512334,0.049045184,0.00623539,-0.001889145,0.037592446,-0.071381678,-0.085200086
19822,109.61,NaN,6.82,3.3,14.17,1.201581417,0.1247,0.1481,0.1692,0.1412,-0.006380462,0.001264247,0.030890352,0.026359566,0.017616382,0.009560905,0.003591929,-0.002177932,0.035805217,-0.00509899,-0.020171486
19823,120.42,NaN,6.86,3.05,13.56,1.088535565,0.0792,0.1294,0.1563,0.1183,-0.005726796,0.000676433,0.023199497,0.009272351,0.202077382,0.213380094,0.00950581,-0.001863136,0.034228727,0.116225099,0.100330948
19824,140.64,NaN,6.89,3.14,12.64,0.932214727,0.0794,0.1183,0.1414,0.1095,0.002384563,0.003010052,0.019701808,-0.003082003,0.096358764,0.109378866,0.014107796,-0.001346349,0.033230848,0.184487219,0.169929943
19831,152.96,NaN,6.92,2.93,12.42,0.780067786,0.0835,0.1173,0.1361,0.1083,0.002751675,0.006070006,0.020198476,0.003416779,0.007221991,0.040435263,0.00676432,-0.001214853,0.032349986,0.099604916,0.086619572
19832,168.11,NaN,6.96,3.47,12.59,0.721382042,0.0879,0.1174,0.1337,0.1119,0.003890901,0.015851538,0.020918486,0.015972851,-0.001070309,0.015929607,0.003907513,-0.000827812,0.032501844,0.109142545,0.09747529
19833,166.07,NaN,7.03,3.76,13.3,0.714847583,0.09,0.1237,0.1355,0.1157,0.01335053,0.023098288,0.022763397,0.012385704,0.001444591,-0.003024826,0.004719163,-0.001828432,0.033713297,-0.001820384,-0.012458715
19834,164.93,NaN,7.12,3.87,14.03,0.700359118,0.09,0.1257,0.1375,0.1197,0.011635111,0.026986611,0.021919703,0.005627145,-0.001070225,0.008326007,0.002479773,-0.001693727,0.035581584,0.004629007,-0.006277045
19841,159.18,NaN,7.23,4.16,15.26,0.762475427,0.0952,0.1257,0.1399,0.1253,0.003171628,0.023963288,0.022837782,0.012491698,-0.009530505,-0.014383787,0.00416867,-0.002007952,0.036357811,-0.021120776,-0.031891005
19842,153.18,NaN,7.34,4.41,16.2,0.784351819,0.0987,0.1355,0.1505,0.1374,0.005977123,0.001234768,0.024392228,0.011042596,-0.047481573,-0.036446834,0.003644341,-0.001879243,0.037741943,-0.024829619,-0.036930596
19843,166.1,NaN,7.43,4.12,16.56,0.736050915,0.1037,0.1266,0.1435,0.1235,0.005705799,-0.009433954,0.02568967,0.012204999,0.135286204,0.125359529,0.004935717,-0.00140754,0.038502262,0.096939175,0.084957307
19844,167.24,NaN,7.57,3.95,16.64,0.733098377,0.0806,0.1213,0.134,0.117,0.005851882,-0.02715304,0.021927496,0.003176211,0.078285894,0.093431682,0.003502243,-0.001127664,0.038912728,0.018900432,0.006776495
19851,180.66,NaN,7.68,3.91,16.39,0.723645779,0.0852,0.1256,0.1369,0.1181,0.015880666,-0.024776244,0.020388789,0.010439457,0.015554358,0.011780131,0.003183403,-0.00187506,0.038815735,0.091536665,0.079927771
19852,191.85,NaN,7.77,3.63,15.61,0.686430144,0.0695,0.1094,0.124,0.1055,0.006923936,-0.026589363,0.018592097,0.010958348,0.13181507,0.123273626,0.002035261,-0.002195965,0.03883375,0.075814175,0.064652383
19853,182.08,NaN,7.86,3.74,15.23,0.68995883,0.071,0.1107,0.1248,0.1082,0.017442676,-0.031306752,0.017714264,0.006817538,0.005318189,0.020781856,0.002214168,-0.002121274,0.037717378,-0.042653902,-0.05262134
19854,211.28,NaN,7.94,3.33,14.61,0.592692688,0.071,0.1016,0.1158,0.0956,0.011541664,-0.01950253,0.017863374,0.008923287,0.133426696,0.121352701,0.003084908,-0.001721356,0.03788436,0.174238388,0.162412721
19861,238.9,NaN,8.05,3.82,14.52,0.519627628,0.0656,0.09,0.105,0.0766,0.00341403,-0.016414384,0.017192252,-0.004295033,0.197315709,0.107687383,0.004383183,-0.001918316,0.036891488,0.141910573,0.132102429
19862,250.84,NaN,8.14,3.82,14.71,0.499281457,0.0621,0.0913,0.1034,0.079,-0.003654012,-0.012165508,0.015310859,0.00580927,-0.000357285,0.006650548,0.005425396,-0.002562187,0.035542612,0.057612363,0.048697528
19863,231.32,NaN,8.24,3.88,14.85,0.534629267,0.0521,0.0889,0.102,0.0827,-0.000336234,-0.004924233,0.013776586,0.007000718,-0.013366974,0.018935438,0.007883792,-0.00237943,0.034655868,-0.07162815,-0.07972408
19864,242.17,NaN,8.3,2.96,14.48,0.498430866,0.0553,0.0849,0.0997,0.0789,0.000524947,-0.011437394,0.013353549,0.002724383,0.054470161,0.054839262,0.003983792,-0.002240325,0.034673459,0.053029662,0.042108152
19871,291.7,NaN,8.4,4.44,15.1,0.428040214,0.0559,0.0836,0.0961,0.0795,-0.002438388,-0.002283468,0.013809827,0.014442866,0.013508478,0.01858581,0.00586157,-0.002037288,0.033403227,0.213755091,0.204555842
19872,304,NaN,8.57,3.14,14.42,0.407892397,0.0567,0.0932,0.1052,0.0877,0.00889191,0.005129801,0.01410844,0.01246184,-0.048064923,-0.040493614,0.007753562,-0.001750249,0.033918097,0.050119007,0.041458097
19873,321.83,NaN,8.71,5.32,15.86,0.379966722,0.064,0.1018,0.1131,0.0992,0.002884437,0.006187445,0.01507033,0.013184561,-0.069651468,-0.060695836,0.005129119,-0.002827205,0.034701152,0.066957627,0.058847265
19874,247.08,NaN,8.505,4.6,17.5,0.508812016,0.0577,0.1011,0.1129,0.092,0.011435426,0.013341879,0.014622601,0.003474484,0.083823313,0.086387026,0.084582764,-0.00270069,0.034290794,-0.2268199,-0.234825817
19881,258.89,2.25,8.95,5.53,18.59,0.507529954,0.057,0.0939,0.1057,0.0901,0.011494295,0.006131107,0.014274316,0.009515976,0.039231428,0.046168647,0.012784053,-0.002572201,0.034233114,0.058486561,0.047184147
19882,273.5,2.54,9.23,6.22,21.67,0.471118872,0.0646,0.0986,0.11,0.0917,0.010015962,-0.005525903,0.015484914,0.012847237,0.009805046,0.016607409,0.008376642,-0.002646697,0.034756068,0.067170457,0.057354341
19883,271.91,2.46,9.46,6.38,22.73,0.477540454,0.0724,0.0982,0.109,0.0917,0.017153951,-0.004761595,0.017473965,0.015213526,0.022811598,0.026652286,0.004493678,-0.002608375,0.034599328,0.004272595,-0.006105382
19884,277.72,2.48,9.73,5.62,23.75,0.465283574,0.0807,0.0957,0.1065,0.0918,0.018184939,-0.021639156,0.019254654,0.005835762,0.02171288,0.013877391,0.00360765,-0.002291317,0.03462885,0.030937935,0.018284848
19891,294.87,2.5,9.98,6.74,24.96,0.468691414,0.0882,0.098,0.1067,0.0929,0.017859077,-0.023258691,0.021274336,0.014900034,0.014261477,0.013484472,0.003427104,-0.002380447,0.034879698,0.069538828,0.059550381
19892,317.98,2.86,10.3,6.48,25.22,0.440562937,0.0815,0.091,0.1003,0.0821,0.019927068,-0.024048198,0.020951624,0.014677214,0.114752658,0.101877557,0.00345817,-0.002694326,0.035030246,0.08868871,0.078582796
19893,349.15,2.83,10.67,4.85,23.69,0.39920975,0.0775,0.0901,0.0991,0.0847,0.016109193,-0.030119629,0.019544526,0.007242824,-0.000821581,0.005214699,0.002949468,-0.002756619,0.035678693,0.107345818,0.097773657
19894,353.4,2.86,11.05,4.8,22.87,0.390454744,0.0763,0.0886,0.0982,0.0816,0.019526649,-0.012320164,0.019072577,0.008784335,0.045368023,0.035414076,0.007404142,-0.002928834,0.034782559,0.019034848,0.010282848
19901,339.94,2.77,11.32,5.54,21.67,0.471333956,0.079,0.0937,0.1021,0.0889,0.020461662,-0.010270397,0.019337531,0.020538887,-0.040952707,-0.021354775,0.004932871,-0.002364162,0.034902043,-0.030075691,-0.0381136
19902,358.02,3.2,11.66,6.07,21.26,0.442949432,0.0773,0.0926,0.1022,0.0864,0.024251351,-0.000470463,0.019304423,0.00930539,0.043932319,0.040667806,0.003679049,-0.002534271,0.033962672,0.063234207,0.053986683
19903,306.05,3,11.83,5.33,21.74,0.520289666,0.0736,0.0956,0.1064,0.0914,0.036345337,0.001422645,0.018633666,0.021469731,-0.020318616,-0.01037345,0.009111018,-0.003259189,0.033874807,-0.139241721,-0.146823053
19904,330.22,3.12,12.09,4.4,21.34,0.48449686,0.0674,0.0905,0.1043,0.0844,0.031024974,-0.001736934,0.017424267,0.008268698,0.082434252,0.059478873,0.007727252,-0.002338233,0.032935414,0.090468928,0.079770475
19911,375.22,2.79,12.11,5.14,20.94,0.4571256,0.0591,0.0893,0.1009,0.0844,0.019241214,0.003374929,0.015020647,0.008948534,0.019899948,0.03837614,0.006999952,-0.002470106,0.03183361,0.147145657,0.13823387
19912,371.16,3.24,12.15,4.54,19.41,0.458243743,0.0557,0.0901,0.0996,0.086,0.021254335,0.014292991,0.013867891,0.007397556,0.0076118,0.015921863,0.004837834,-0.002382857,0.031314465,-0.00215789,-0.010345109
19913,387.86,3.13,12.28,3.74,17.82,0.441531837,0.0522,0.0861,0.0951,0.079,0.019566691,0.023110661,0.01341162,0.008808451,0.082055884,0.072969516,0.003617664,-0.001770907,0.030822957,0.053402808,0.045238722
19914,417.09,3.04,12.2,2.55,15.97,0.420344417,0.0407,0.0831,0.0926,0.073,0.008580169,0.031638371,0.011328438,0.005096473,0.072537013,0.059197207,0.005224232,-0.001253216,0.030481962,0.083748908,0.075238869
19921,403.69,2.91,12.32,5.36,16.19,0.402106034,0.0404,0.0835,0.0925,0.0797,0.010422935,0.041709996,0.009717566,0.010131868,-0.036607067,-0.015108658,0.002255428,-0.001250872,0.030181648,-0.025026167,-0.032155555
19922,408.14,3.24,12.32,5.4,17.05,0.392042354,0.0366,0.0822,0.0905,0.0765,0.009401058,0.04304073,0.009185919,0.006452401,0.046457658,0.043062474,0.003103992,-0.001273507,0.031218344,0.018135538,0.010334146
19923,417.8,3.2,12.39,4.73,18.04,0.397656972,0.0291,0.0792,0.0862,0.071,0.00812928,0.041182304,0.007698431,0.007835528,0.066131843,0.050373964,0.002139252,-0.001076155,0.031656703,0.030977329,0.023371763
19924,435.71,3.03,12.38,3.6,19.09,0.394109614,0.0322,0.0798,0.0881,0.0726,0.005451557,0.038816455,0.007665175,0.004238788,0.005317233,0.013791546,0.001923792,-0.001111524,0.032395894,0.052681654,0.04528285
19931,451.67,3.01,12.48,6.11,19.84,0.333613526,0.0295,0.0758,0.0815,0.0702,0.020092045,0.037104943,0.007390887,0.011955729,0.066626422,0.0538681,0.002500472,-0.001669026,0.032352875,0.042541599,0.035368601
19932,450.53,3.28,12.52,4.89,19.33,0.325931248,0.0307,0.0733,0.0807,0.0668,0.012589981,0.04105049,0.007407507,0.005565215,0.057369669,0.036721665,0.002395945,-0.00174797,0.032971601,0.004659695,-0.002784769
19933,458.93,3.2,12.52,5.81,20.41,0.322351822,0.0295,0.0666,0.0734,0.0627,0.014050744,0.041724506,0.007498952,0.004841659,0.063860605,0.043454644,0.001361206,-0.001153731,0.033073358,0.024779988,0.017825986
19934,466.45,3.09,12.58,5.08,21.89,0.305267223,0.0306,0.0693,0.0769,0.0654,0.008284104,0.045755172,0.007640262,0.004815491,-0.014581737,-0.007188312,0.001160261,-0.001012497,0.034183157,0.023765809,0.016941454
19941,445.77,3.14,12.71,6.93,22.71,0.307483805,0.035,0.0748,0.0813,0.0725,0.024076693,0.041930009,0.008097349,0.00958669,-0.059148468,-0.046933873,0.002341667,-0.001099839,0.03421077,-0.038438661,-0.044806012
19942,444.27,3.41,12.84,7.38,25.2,0.308417077,0.0414,0.0797,0.0865,0.0774,0.022152571,0.034046194,0.009950099,0.005427902,-0.03284623,-0.023811557,0.002921304,-0.000965722,0.034579056,0.003781786,-0.003512137
19943,462.71,3.29,12.93,7.94,27.33,0.290904659,0.0462,0.0834,0.0898,0.08,0.025632022,0.029100025,0.011170828,0.009443931,-0.006618717,0.000470048,0.001689563,-0.000839298,0.034892703,0.049649633,0.042543658
19944,459.27,3.34,13.18,8.35,30.6,0.2915683,0.056,0.0846,0.091,0.0799,0.020939628,0.01665684,0.013170972,0.002006934,0.020249244,0.012440619,0.00269975,-0.000576007,0.036080241,0.000365608,-0.00706582
19951,500.71,3.14,13.18,8.88,32.55,0.313876542,0.0573,0.0812,0.087,0.0755,0.014640998,0.01435778,0.014307494,0.01133445,0.06640024,0.065264619,0.001246096,-0.000566771,0.037141425,0.097459423,0.090354403
19952,544.75,3.6,13.37,9.26,34.43,0.286429618,0.0547,0.073,0.079,0.067,0.016652482,0.008168806,0.013959132,0.007256151,0.112486668,0.090249714,0.001965127,-0.000267726,0.036951349,0.09616604,0.089070637
19953,584.41,3.5,13.58,8.69,35.18,0.272494998,0.0528,0.0732,0.0793,0.0663,0.011917653,0.006258881,0.013386751,0.004584796,0.024015582,0.026553443,0.001361411,-0.000140216,0.036763247,0.080675312,0.074130492
19954,615.93,3.55,13.79,7.13,33.96,0.255026383,0.0514,0.0682,0.0749,0.0603,0.013326034,0.015581803,0.013121255,0.001952492,0.083728932,0.066931468,0.001854517,-0.000146604,0.037068534,0.058762327,0.05246847
19961,645.5,3.45,14.1,8.96,34.04,0.239299615,0.0496,0.0735,0.0803,0.0684,0.011150673,0.017020474,0.012299746,0.01429628,-0.069310586,-0.048484841,0.004393302,3.05558E-05,0.03753209,0.055387874,0.049583902
19962,670.63,3.77,14.27,10.13,34.91,0.236443725,0.0509,0.0771,0.084,0.0703,0.008693239,0.027400726,0.012523819,0.00641313,-0.001953661,0.001425262,0.002501932,-0.00084789,0.038133804,0.045049236,0.039408203
19963,687.31,3.89,14.66,9.78,36,0.227297318,0.0509,0.0766,0.0835,0.0704,0.008739575,0.02890465,0.012714683,0.00701105,0.016523354,0.019737419,0.004162912,-0.000538694,0.038890349,0.031213188,0.025321383
19964,740.74,3.79,14.9,9.86,38.73,0.20734273,0.0491,0.072,0.0789,0.0673,0.008284739,0.023373237,0.012415936,0.005062891,0.049348938,0.043571131,0.003019465,-0.000396755,0.039388313,0.083464266,0.077697649
19971,757.12,3.61,15.06,10.47,40.24,0.214780202,0.0514,0.0755,0.0818,0.0723,0.009648148,0.020448026,0.012623401,0.00881414,-0.032417371,-0.022107667,0.004836335,-0.001308306,0.039816621,0.026425394,0.021619615
19972,885.14,3.87,15.16,10.44,40.55,0.184287615,0.0493,0.0741,0.0802,0.0688,-0.000244488,0.010317743,0.012590202,0.001873243,0.055638573,0.050723364,0.006986999,-0.000662098,0.04020946,0.175032667,0.169811684
19973,947.28,4.06,15.33,9.87,40.64,0.177967857,0.0495,0.0715,0.077,0.0649,-0.003437206,0.014817281,0.012590205,0.005608842,0.061429312,0.050755041,0.007101431,-0.00074286,0.041631955,0.076008714,0.071381613
19974,970.43,3.95,15.49,8.94,39.72,0.178800884,0.0516,0.0676,0.0732,0.0602,-0.007095657,0.015723044,0.012698081,0.000616319,0.068713726,0.046172014,0.014275306,-0.000888779,0.041289478,0.02949908,0.025244513
19981,1101.75,3.76,15.64,10.29,39.54,0.181140396,0.0503,0.0672,0.0732,0.0602,-0.018573374,0.016629453,0.012606807,0.005574483,0.01518764,0.016839774,0.004658976,-0.00073979,0.04199401,0.140517523,0.136397565
19982,1133.84,4.18,15.95,9.87,38.97,0.178060606,0.0498,0.0653,0.0713,0.0576,-0.018654291,0.024023709,0.012415938,0.004928005,0.044122639,0.033842528,0.004670931,-0.001168848,0.042566658,0.03412939,0.030238166
19983,1017.01,4.26,16.15,8.99,38.09,0.203248404,0.0461,0.064,0.0709,0.0517,-0.00556808,0.024491957,0.01203414,0.003678725,0.083485403,0.044684392,0.02153311,-0.001633908,0.042231645,-0.098145586,-0.101882207
19984,1229.23,4,16.2,8.56,37.71,0.173611315,0.0439,0.0622,0.0723,0.0542,-0.020438265,0.019854992,0.010614489,0.001830572,-0.015472063,0.008494487,0.010395103,-0.001033873,0.042801413,0.215774969,0.21156055
19991,1286.37,4.01,16.45,10.96,38.38,0.172897171,0.0444,0.0662,0.0753,0.0592,-0.023732864,0.020348778,0.010996486,0.006703052,-0.041296777,-0.028098889,0.010031351,-0.001075351,0.042808788,0.048906533,0.045485532
19992,1372.71,4.18,16.45,12.51,41.02,0.154227447,0.0457,0.0723,0.0802,0.0627,-0.01955773,0.018702938,0.011112711,0.007246409,-0.024110627,-0.035638436,0.008221522,-0.001144629,0.04334202,0.068663586,0.065079425
19993,1282.71,4.45,16.64,11.93,43.96,0.163684498,0.0468,0.0739,0.082,0.0646,-0.012147373,0.019884532,0.011602529,0.010209709,-0.004668047,-0.004699617,0.00704597,-0.000985703,0.043583774,-0.062164123,-0.065413991
19994,1469.25,4.05,16.69,12.77,48.17,0.147167259,0.052,0.0755,0.0819,0.0682,-0.024094538,0.017940027,0.012581892,0.002380598,-0.022679644,-0.007934625,0.007379017,0.000064278,0.042895459,0.154339954,0.150918902
20001,1498.58,4.08,16.76,13.74,50.95,0.149973562,0.0569,0.0768,0.0837,0.0618,-0.030505664,0.018372634,0.013768333,0.017174888,0.088329651,0.024100344,0.014885083,0.000184884,0.043574738,0.025744148,0.022711625
20002,1454.6,4.12,16.7,13.48,51.92,0.156777962,0.0569,0.0767,0.0848,0.0622,-0.020221755,-0.002940714,0.014249435,0.006994743,0.011124841,0.004291426,0.015486928,-0.000246743,0.04427769,-0.028488415,-0.03114297
20003,1436.51,4.09,16.34,13.71,53.7,0.153789463,0.06,0.0762,0.0835,0.0612,-0.021225101,-2.86032E-05,0.015004081,0.007524354,0.025360271,0.036387202,0.004704682,-0.000508488,0.043673605,-0.003514285,-0.006369906
20004,1320.28,3.98,16.27,9.07,50,0.151851504,0.0577,0.0721,0.0802,0.0558,-0.006418039,-0.00694892,0.015004052,0.001725295,0.076740606,0.058753145,0.014139871,-0.000524853,0.042964631,-0.076939516,-0.079713688
20011,1160.33,3.78,15.97,9.18,45.44,0.133113551,0.0442,0.0698,0.0784,0.0559,0.00153748,-0.009985732,0.01201747,0.012613005,0.012064439,0.046013668,0.014609022,-0.001864067,0.041752202,-0.121321879,-0.124089615
20012,1224.42,3.84,15.69,4.83,36.79,0.125209433,0.0349,0.0718,0.0797,0.059,-0.000868639,0.013045435,0.009136049,0.010196056,-0.019451394,0.005732311,0.011470857,-0.001592206,0.039592053,0.058862192,0.055644094
20013,1040.94,4.14,15.74,5.23,28.31,0.148628588,0.0264,0.0717,0.0803,0.0542,-0.000782304,0.011066047,0.007914401,0.001671325,0.067552254,0.03626876,0.012288728,-0.001822915,0.038339153,-0.146712705,-0.149864664
20014,1148.08,3.98,15.74,5.45,24.69,0.131217846,0.0169,0.0677,0.0805,0.0575,0.000412452,0.016069793,0.004762845,-0.008988465,-0.021132636,0.014861734,0.007237089,-0.001336167,0.036503401,0.10984398,0.105897015
20021,1147.39,3.77,15.73,9.19,24.7,0.236833402,0.0179,0.0681,0.0811,0.0604,-0.016529005,0.016240774,0.004305239,0.01185826,-0.019251299,0.000321039,0.006766544,-0.00223859,0.0348744,0.002818455,-0.000599118
20022,989.81,4.15,16.04,6.87,26.74,0.266572502,0.017,0.0663,0.0795,0.0566,-0.007688074,0.029238366,0.0042886,0.006136379,0.0620574,0.044455157,0.010129335,-0.002606791,0.033997593,-0.134752685,-0.138092135
20023,815.29,3.901,15.801,8.53,30.04,0.324555156,0.0163,0.0615,0.074,0.048,0.003594186,0.032365271,0.004105522,0.006106952,0.123062937,0.089840701,0.032118193,-0.003212615,0.033528485,-0.169158538,-0.172858878
20024,879.82,4.256,16.077,3,27.59,0.295385896,0.0119,0.0621,0.0745,0.0484,0.000507966,0.028520874,0.003331451,-0.000556297,0.007367745,0.024379637,0.018678249,-0.004144305,0.032821942,0.085041149,0.079852685
20031,848.18,3.922,16.229,11.92,30.32,0.286156489,0.0113,0.0589,0.0695,0.049,0.003503761,0.026610612,0.002890274,0.018202398,0.008154918,0.020326997,0.013867812,NaN,0.032353725,-0.031522056,-0.036021701
20032,974.51,4.086,16.165,11.1,34.55,0.254522838,0.0092,0.0497,0.0619,0.0445,-0.009292843,0.001851412,0.002598866,-0.002714441,0.053525781,0.055762166,0.00729083,NaN,0.032942933,0.15511181,0.150161299
20033,995.97,4.322,16.586,12.56,38.58,0.246575206,0.0094,0.0572,0.0679,0.0523,-0.016190978,0.00719919,0.002324099,0.008165487,-0.033174485,-0.021256298,0.004881161,NaN,0.033422007,0.026745836,0.022275956
20034,1111.92,5.055,17.385,13.16,48.74,0.218769519,0.009,0.0562,0.066,0.0515,-0.018662422,0.006712015,0.002290792,-0.004859611,-0.017453428,-0.001516917,0.003220976,NaN,0.033375895,0.120605685,0.115323322
20041,1126.21,4.56,18.023,15.18,52,0.271295751,0.0094,0.0533,0.0611,0.0474,-0.016548448,0.012056919,0.002293417,0.016820402,0.056824134,0.049067488,0.003570793,NaN,0.033240933,0.018268414,0.014124464
20042,1140.84,4.664,18.601,15.25,56.15,0.26927367,0.0127,0.0601,0.0678,0.0532,-0.01493108,0.012324481,0.002694062,0.012273212,-0.052269682,-0.051379984,0.002979306,NaN,0.03354716,0.017345063,0.013111493
20043,1114.58,4.882,19.163,14.18,57.77,0.278762374,0.0165,0.0546,0.0627,0.0488,-0.016595884,0.009123405,0.003721255,0.001054296,0.065746128,0.069318931,0.002925606,NaN,0.034090346,-0.01874065,-0.023167364
20044,1211.92,5.334,19.44,13.94,58.55,0.26059514,0.0219,0.0547,0.0615,0.0484,-0.023513239,0.013007185,0.005025026,0.002106372,0.016430631,0.02167105,0.00281573,NaN,0.034467107,0.091803243,0.083485906
20051,1180.59,5.345,20.226,16.95,60.32,0.335022887,0.0274,0.054,0.0606,0.0488,-0.019528545,0.009205455,0.006355052,0.015764582,0.009494925,0.003487388,0.002515743,NaN,0.034645554,-0.020251162,-0.024753934
20052,1191.33,5.364,20.926,18.29,63.36,0.342482752,0.0297,0.0496,0.0586,0.0429,-0.01654026,0.007551595,0.007175421,0.006207967,0.08594521,0.078155272,0.003227429,NaN,0.034748398,0.013921612,0.00929993
20053,1228.81,5.432,21.475,17.39,66.57,0.332964319,0.0342,0.0513,0.0603,0.0464,-0.017029646,0.006060138,0.008423532,0.022107969,-0.030378724,-0.032616796,0.002006532,NaN,0.034909928,0.036078767,0.031457478
20054,1248.29,6.079,22.22,17.29,69.93,0.328341498,0.0389,0.0537,0.0632,0.0461,-0.01495653,0.003735874,0.009597199,-0.010060362,0.014226663,0.011557246,0.002790882,NaN,0.03501077,0.02209874,0.017179672